frame,time_s,detected,method,det_conf,track_id,lambda_min,continuous,x_px,y_px,dx_px,dy_px
0,0.0,True,bytetrack+paper_center,0.8849170207977295,1,58723.1953125,True,1164.958984375,426.254150390625,nan,nan
0,0.0,True,bytetrack+paper_center,0.8134086728096008,2,63920.81640625,True,999.7056274414062,428.0416259765625,nan,nan
1,0.04,True,bytetrack+paper_center,0.8778031468391418,1,58939.734375,True,1165.02880859375,426.37213134765625,0.06982421875,0.11798095703125
1,0.04,True,bytetrack+paper_center,0.7868343591690063,2,63885.56640625,True,999.5858154296875,428.15679931640625,-0.11981201171875,0.11517333984375
2,0.08,True,bytetrack+paper_center,0.8736020922660828,1,58949.015625,True,1165.02880859375,426.37213134765625,0.0,0.0
2,0.08,True,bytetrack+paper_center,0.7887730598449707,2,63148.05078125,True,999.5834350585938,428.1604919433594,-0.00238037109375,0.003692626953125
3,0.12,True,bytetrack+paper_center,0.8731862902641296,1,58949.015625,True,1165.02880859375,426.37213134765625,0.0,0.0
3,0.12,True,bytetrack+paper_center,0.7870222330093384,2,63148.05078125,True,999.5834350585938,428.1604919433594,0.0,0.0
4,0.16,True,bytetrack+paper_center,0.8744982481002808,1,58949.015625,True,1165.02880859375,426.37213134765625,0.0,0.0
4,0.16,True,bytetrack+paper_center,0.7862722277641296,2,63148.15234375,True,999.5834350585938,428.1604919433594,0.0,0.0
5,0.2,True,bytetrack+paper_center,0.8737586140632629,1,58949.015625,True,1165.02880859375,426.37213134765625,0.0,0.0
5,0.2,True,bytetrack+paper_center,0.786144495010376,2,63148.15234375,True,999.5834350585938,428.1604919433594,0.0,0.0
6,0.24,True,bytetrack+paper_center,0.8740861415863037,1,58949.015625,True,1165.02880859375,426.37213134765625,0.0,0.0
6,0.24,True,bytetrack+paper_center,0.784446656703949,2,63148.15234375,True,999.5834350585938,428.1604919433594,0.0,0.0
7,0.28,True,bytetrack+paper_center,0.874923825263977,1,58949.015625,True,1165.02880859375,426.37213134765625,0.0,0.0
7,0.28,True,bytetrack+paper_center,0.7857781648635864,2,63148.15234375,True,999.5834350585938,428.1604919433594,0.0,0.0
8,0.32,True,bytetrack+paper_center,0.8752710223197937,1,58949.015625,True,1165.02880859375,426.37213134765625,0.0,0.0
8,0.32,True,bytetrack+paper_center,0.7869152426719666,2,63148.15234375,True,999.5834350585938,428.1604919433594,0.0,0.0
9,0.36,True,bytetrack+paper_center,0.8743014931678772,1,58949.015625,True,1165.02880859375,426.37213134765625,0.0,0.0
9,0.36,True,bytetrack+paper_center,0.7878023982048035,2,63148.15234375,True,999.5834350585938,428.1604919433594,0.0,0.0
10,0.4,True,bytetrack+paper_center,0.8747778534889221,1,58949.015625,True,1165.02880859375,426.37213134765625,0.0,0.0
10,0.4,True,bytetrack+paper_center,0.7869724035263062,2,63148.15234375,True,999.5834350585938,428.1604919433594,0.0,0.0
11,0.44,True,bytetrack+paper_center,0.8752973079681396,1,58949.015625,True,1165.02880859375,426.37213134765625,0.0,0.0
11,0.44,True,bytetrack+paper_center,0.7874254584312439,2,63148.15234375,True,999.5834350585938,428.1604919433594,0.0,0.0
12,0.48,True,bytetrack+paper_center,0.8792552947998047,1,59659.9296875,True,1165.0970458984375,426.36114501953125,0.0682373046875,-0.010986328125
12,0.48,True,bytetrack+paper_center,0.7878177165985107,2,64803.546875,True,999.5730590820312,428.2052001953125,-0.0103759765625,0.044708251953125
13,0.52,True,bytetrack+paper_center,0.8802294731140137,1,59659.9296875,True,1165.0970458984375,426.36114501953125,0.0,0.0
13,0.52,True,bytetrack+paper_center,0.7884883880615234,2,64803.546875,True,999.5730590820312,428.2052001953125,0.0,0.0
14,0.56,True,bytetrack+paper_center,0.8799952864646912,1,59659.9296875,True,1165.0970458984375,426.36114501953125,0.0,0.0
14,0.56,True,bytetrack+paper_center,0.7885502576828003,2,64803.546875,True,999.5730590820312,428.2052001953125,0.0,0.0
15,0.6,True,bytetrack+paper_center,0.8801507949829102,1,59659.9296875,True,1165.0970458984375,426.36114501953125,0.0,0.0
15,0.6,True,bytetrack+paper_center,0.7894241213798523,2,64803.546875,True,999.5730590820312,428.2052001953125,0.0,0.0
16,0.64,True,bytetrack+paper_center,0.8788773417472839,1,59659.9296875,True,1165.0970458984375,426.36114501953125,0.0,0.0
16,0.64,True,bytetrack+paper_center,0.7874199748039246,2,64803.546875,True,999.5730590820312,428.2052001953125,0.0,0.0
17,0.68,True,bytetrack+paper_center,0.8790400624275208,1,59659.9296875,True,1165.0970458984375,426.36114501953125,0.0,0.0
17,0.68,True,bytetrack+paper_center,0.7874534130096436,2,64803.546875,True,999.5730590820312,428.2052001953125,0.0,0.0
18,0.72,True,bytetrack+paper_center,0.8783720135688782,1,59659.9296875,True,1165.0970458984375,426.36114501953125,0.0,0.0
18,0.72,True,bytetrack+paper_center,0.7870315313339233,2,64803.546875,True,999.5730590820312,428.2052001953125,0.0,0.0
19,0.76,True,bytetrack+paper_center,0.8781263828277588,1,59659.9296875,True,1165.0970458984375,426.36114501953125,0.0,0.0
19,0.76,True,bytetrack+paper_center,0.786678671836853,2,64803.546875,True,999.5730590820312,428.2052001953125,0.0,0.0
20,0.8,True,bytetrack+paper_center,0.8768659234046936,1,59680.89453125,True,1165.0970458984375,426.36114501953125,0.0,0.0
20,0.8,True,bytetrack+paper_center,0.7855678200721741,2,64803.546875,True,999.5730590820312,428.2052001953125,0.0,0.0
21,0.84,True,bytetrack+paper_center,0.8765226006507874,1,59680.89453125,True,1165.0970458984375,426.36114501953125,0.0,0.0
21,0.84,True,bytetrack+paper_center,0.7855151295661926,2,64803.546875,True,999.5730590820312,428.2052001953125,0.0,0.0
22,0.88,True,bytetrack+paper_center,0.8768134117126465,1,59680.89453125,True,1165.0970458984375,426.36114501953125,0.0,0.0
22,0.88,True,bytetrack+paper_center,0.7853188514709473,2,64803.546875,True,999.5730590820312,428.2052001953125,0.0,0.0
23,0.92,True,bytetrack+paper_center,0.8790932297706604,1,59680.89453125,True,1165.0970458984375,426.36114501953125,0.0,0.0
23,0.92,True,bytetrack+paper_center,0.7876879572868347,2,64803.546875,True,999.5730590820312,428.2052001953125,0.0,0.0
24,0.96,True,bytetrack+paper_center,0.8811083436012268,1,59659.8359375,True,1165.0970458984375,426.36114501953125,0.0,0.0
24,0.96,True,bytetrack+paper_center,0.796051561832428,2,64803.546875,True,999.5730590820312,428.2052001953125,0.0,0.0
25,1.0,True,bytetrack+paper_center,0.8752980828285217,1,54021.515625,True,1165.2696533203125,426.4493103027344,0.172607421875,0.088165283203125
25,1.0,True,bytetrack+paper_center,0.8286542892456055,2,67884.5234375,True,999.55859375,427.9930725097656,-0.01446533203125,-0.212127685546875
26,1.04,True,bytetrack+paper_center,0.8753302693367004,1,54072.0546875,True,1165.24658203125,426.4477844238281,-0.0230712890625,-0.00152587890625
26,1.04,True,bytetrack+paper_center,0.826793909072876,2,68059.6875,True,999.5508422851562,427.98187255859375,-0.00775146484375,-0.011199951171875
27,1.08,True,bytetrack+paper_center,0.8794457316398621,1,54141.875,True,1165.24658203125,426.4477844238281,0.0,0.0
27,1.08,True,bytetrack+paper_center,0.8294909596443176,2,68059.6875,True,999.5508422851562,427.98187255859375,0.0,0.0
28,1.12,True,bytetrack+paper_center,0.8787515759468079,1,54141.875,True,1165.24658203125,426.4477844238281,0.0,0.0
28,1.12,True,bytetrack+paper_center,0.8283933997154236,2,68059.7578125,True,999.5508422851562,427.98187255859375,0.0,0.0
29,1.16,True,bytetrack+paper_center,0.8782492876052856,1,54133.515625,True,1165.24658203125,426.4477844238281,0.0,0.0
29,1.16,True,bytetrack+paper_center,0.8289380073547363,2,68059.7578125,True,999.5508422851562,427.98187255859375,0.0,0.0
30,1.2,True,bytetrack+paper_center,0.8762221932411194,1,54133.515625,True,1165.24658203125,426.4477844238281,0.0,0.0
30,1.2,True,bytetrack+paper_center,0.826381266117096,2,68059.7578125,True,999.5508422851562,427.98187255859375,0.0,0.0
31,1.24,True,bytetrack+paper_center,0.8771775960922241,1,54133.515625,True,1165.24658203125,426.4477844238281,0.0,0.0
31,1.24,True,bytetrack+paper_center,0.8268980383872986,2,68059.7578125,True,999.5508422851562,427.98187255859375,0.0,0.0
32,1.28,True,bytetrack+paper_center,0.9047347903251648,1,43189.1328125,True,1165.2259521484375,426.64971923828125,-0.0206298828125,0.201934814453125
32,1.28,True,bytetrack+paper_center,0.8269442319869995,2,68059.7578125,True,999.5508422851562,427.98187255859375,0.0,0.0
33,1.32,True,bytetrack+paper_center,0.9107881784439087,1,46506.4921875,True,1165.1951904296875,426.59747314453125,-0.03076171875,-0.05224609375
33,1.32,True,bytetrack+paper_center,0.8269699811935425,2,68059.7578125,True,999.5508422851562,427.98187255859375,0.0,0.0
34,1.36,True,bytetrack+paper_center,0.861353874206543,1,37045.8125,True,1164.9981689453125,425.00494384765625,-0.197021484375,-1.592529296875
34,1.36,True,bytetrack+paper_center,0.8327810764312744,2,70948.0390625,True,999.493896484375,428.3701171875,-0.05694580078125,0.38824462890625
35,1.4,True,bytetrack+paper_center,0.8914671540260315,1,37859.234375,True,1162.4185791015625,420.47479248046875,-2.57958984375,-4.5301513671875
35,1.4,True,bytetrack+paper_center,0.8240423798561096,2,70948.0390625,True,999.493896484375,428.3701171875,0.0,0.0
36,1.44,True,bytetrack+paper_center,0.9267325401306152,1,30798.171875,True,1162.3802490234375,411.5281677246094,-0.038330078125,-8.946624755859375
36,1.44,True,bytetrack+paper_center,0.7947186827659607,2,68900.890625,True,999.509765625,428.3486633300781,0.015869140625,-0.021453857421875
37,1.48,True,bytetrack+paper_center,0.8874292969703674,1,31110.529296875,True,1168.6455078125,396.6279296875,6.2652587890625,-14.900238037109375
37,1.48,True,bytetrack+paper_center,0.8046699166297913,2,68900.890625,True,999.509765625,428.3486633300781,0.0,0.0
38,1.52,True,bytetrack+paper_center,0.9353176951408386,1,31552.3828125,False,1180.542724609375,385.4904479980469,nan,nan
38,1.52,True,bytetrack+paper_center,0.8015556931495667,2,68900.890625,True,999.509765625,428.3486633300781,0.0,0.0
39,1.56,True,bytetrack+paper_center,0.8350650668144226,1,36089.33984375,True,1192.384033203125,367.3013610839844,11.84130859375,-18.1890869140625
39,1.56,True,bytetrack+paper_center,0.804311990737915,2,75096.796875,True,999.4447021484375,428.4559631347656,-0.0650634765625,0.1072998046875
40,1.6,True,bytetrack+paper_center,0.8532723784446716,1,36249.09375,True,1200.745361328125,354.90093994140625,8.361328125,-12.400421142578125
40,1.6,True,bytetrack+paper_center,0.7945097088813782,2,75096.796875,True,999.4447021484375,428.4559631347656,0.0,0.0
41,1.64,True,bytetrack+paper_center,0.8317176699638367,1,36653.046875,True,1199.47119140625,350.4288024902344,-1.274169921875,-4.472137451171875
41,1.64,True,bytetrack+paper_center,0.8011094927787781,2,75096.796875,True,999.4447021484375,428.4559631347656,0.0,0.0
42,1.68,True,bytetrack+paper_center,0.8218392133712769,1,33906.21875,False,1190.804931640625,360.4072265625,nan,nan
42,1.68,True,bytetrack+paper_center,0.8120028972625732,2,75096.796875,True,999.4447021484375,428.4559631347656,0.0,0.0
43,1.72,True,bytetrack+paper_center,0.8267383575439453,1,31943.169921875,False,1181.3701171875,367.0721740722656,nan,nan
43,1.72,True,bytetrack+paper_center,0.8100651502609253,2,77114.1875,True,999.45068359375,428.42706298828125,0.0059814453125,-0.028900146484375
44,1.76,True,bytetrack+paper_center,0.8246310353279114,1,37190.3515625,False,1189.23974609375,361.6592712402344,nan,nan
44,1.76,True,bytetrack+paper_center,0.8175798654556274,2,77114.1875,True,999.45068359375,428.42706298828125,0.0,0.0
45,1.8,True,bytetrack+paper_center,0.8266485333442688,1,41401.2890625,True,1207.3736572265625,332.3499755859375,18.1339111328125,-29.309295654296875
45,1.8,True,bytetrack+paper_center,0.8236523866653442,2,77114.1875,True,999.45068359375,428.42706298828125,0.0,0.0
46,1.84,True,bytetrack+paper_center,0.8127278685569763,2,77114.1875,True,999.45068359375,428.42706298828125,0.0,0.0
47,1.88,True,bytetrack+paper_center,0.8184974789619446,2,77114.1875,True,999.45068359375,428.42706298828125,0.0,0.0
47,1.88,True,bytetrack+paper_center,0.9280665516853333,3,45673.890625,True,1274.1055908203125,258.8731384277344,nan,nan
48,1.92,True,bytetrack+paper_center,0.802491307258606,2,82734.7578125,True,999.4722290039062,428.43902587890625,0.02154541015625,0.011962890625
48,1.92,True,bytetrack+paper_center,0.7690861225128174,3,37403.46484375,True,1246.1485595703125,278.70166015625,-27.95703125,19.828521728515625
49,1.96,True,bytetrack+paper_center,0.7892192006111145,2,82734.7578125,True,999.4722290039062,428.43902587890625,0.0,0.0
50,2.0,True,bytetrack+paper_center,0.7821450233459473,2,77890.765625,True,999.4979858398438,428.4125671386719,0.0257568359375,-0.026458740234375
50,2.0,True,bytetrack+paper_center,0.5070114135742188,4,31617.91015625,True,1185.23681640625,359.7734375,nan,nan
51,2.04,True,bytetrack+paper_center,0.7806723117828369,2,77964.2578125,True,999.5175170898438,428.4029846191406,0.01953125,-0.00958251953125
51,2.04,True,bytetrack+paper_center,0.7908153533935547,3,36336.78125,True,1235.0,286.0,nan,nan
52,2.08,True,bytetrack+paper_center,0.7849518656730652,2,77964.2578125,True,999.5175170898438,428.4029846191406,0.0,0.0
52,2.08,True,bytetrack+paper_center,0.8664925694465637,3,43357.33203125,True,1256.6126708984375,266.5062255859375,21.6126708984375,-19.4937744140625
53,2.12,True,bytetrack+paper_center,0.7965651154518127,2,77964.2578125,True,999.5175170898438,428.4029846191406,0.0,0.0
53,2.12,True,bytetrack+paper_center,0.634428858757019,4,30255.33984375,True,1207.0369873046875,331.39410400390625,nan,nan
54,2.16,True,bytetrack+paper_center,0.7763262987136841,2,77966.6328125,True,999.5140991210938,428.39825439453125,-0.00341796875,-0.004730224609375
55,2.2,True,bytetrack+paper_center,0.7831425666809082,2,76717.7734375,True,999.5137329101562,428.3983459472656,-0.0003662109375,9.1552734375e-05
55,2.2,True,bytetrack+paper_center,0.4428722560405731,4,27270.880859375,False,1220.0780029296875,302.2171936035156,nan,nan
56,2.24,True,bytetrack+paper_center,0.7799801230430603,2,76717.7734375,True,999.5137329101562,428.3983459472656,0.0,0.0
56,2.24,True,bytetrack+paper_center,0.8300182223320007,3,23981.384765625,True,1269.60595703125,242.5875244140625,nan,nan
57,2.28,True,bytetrack+paper_center,0.7701212167739868,2,72288.5703125,True,999.4862670898438,428.4081726074219,-0.0274658203125,0.00982666015625
57,2.28,True,bytetrack+paper_center,0.6587228775024414,3,33265.76953125,True,1253.2259521484375,253.90415954589844,-16.3800048828125,11.316635131835938
58,2.32,True,bytetrack+paper_center,0.768933892250061,2,72288.5703125,True,999.4862670898438,428.4081726074219,0.0,0.0
59,2.36,True,bytetrack+paper_center,0.7819694876670837,2,72288.5703125,True,999.4862670898438,428.4081726074219,0.0,0.0
59,2.36,True,bytetrack+paper_center,0.570683479309082,6,33077.08984375,True,1198.0,348.0,nan,nan
60,2.4,True,bytetrack+paper_center,0.7796721458435059,2,73980.3828125,True,999.5079956054688,428.3869323730469,0.021728515625,-0.021240234375
60,2.4,True,bytetrack+paper_center,0.6119104623794556,1,28657.248046875,False,1238.0848388671875,256.1955871582031,nan,nan
61,2.44,True,bytetrack+paper_center,0.7739570140838623,2,70601.34375,True,999.5079956054688,428.40521240234375,0.0,0.018280029296875
61,2.44,True,bytetrack+paper_center,0.7511648535728455,3,43054.43359375,False,1267.1024169921875,227.4324188232422,nan,nan
62,2.48,True,bytetrack+paper_center,0.7732418179512024,2,70625.96875,True,999.49609375,428.4179382324219,-0.01190185546875,0.012725830078125
63,2.52,True,bytetrack+paper_center,0.741671085357666,2,70625.96875,True,999.49609375,428.4179382324219,0.0,0.0
64,2.56,True,bytetrack+paper_center,0.7601615786552429,2,70625.96875,True,999.49609375,428.4179382324219,0.0,0.0
64,2.56,True,bytetrack+paper_center,0.5361756086349487,6,34392.98828125,True,1201.3795166015625,304.7568054199219,nan,nan
65,2.6,True,bytetrack+paper_center,0.7528213262557983,2,70625.96875,True,999.49609375,428.4179382324219,0.0,0.0
65,2.6,True,bytetrack+paper_center,0.6544058322906494,1,34696.3671875,True,1241.327880859375,231.38262939453125,nan,nan
66,2.64,True,bytetrack+paper_center,0.7555078864097595,2,70625.96875,True,999.49609375,428.4179382324219,0.0,0.0
66,2.64,True,bytetrack+paper_center,0.5689941644668579,1,29139.435546875,False,1226.1727294921875,245.35365295410156,nan,nan
67,2.68,True,bytetrack+paper_center,0.751633882522583,2,70625.96875,True,999.49609375,428.4179382324219,0.0,0.0
68,2.72,True,bytetrack+paper_center,0.7488486170768738,2,70625.96875,True,999.49609375,428.4179382324219,0.0,0.0
68,2.72,True,bytetrack+paper_center,0.6539686322212219,8,29292.658203125,True,1176.3193359375,354.7659912109375,nan,nan
69,2.76,True,bytetrack+paper_center,0.764799177646637,2,70625.96875,True,999.49609375,428.4179382324219,0.0,0.0
69,2.76,True,bytetrack+paper_center,0.7396740317344666,6,26349.24609375,False,1199.570556640625,267.9998779296875,nan,nan
70,2.8,True,bytetrack+paper_center,0.7491530179977417,2,70625.96875,True,999.49609375,428.4179382324219,0.0,0.0
70,2.8,True,bytetrack+paper_center,0.7799624800682068,1,38171.17578125,True,1226.7994384765625,218.0177001953125,nan,nan
71,2.84,True,bytetrack+paper_center,0.7590175271034241,2,70625.96875,True,999.49609375,428.4179382324219,0.0,0.0
71,2.84,True,bytetrack+paper_center,0.7192649841308594,6,27593.578125,False,1202.5045166015625,243.60403442382812,nan,nan
72,2.88,True,bytetrack+paper_center,0.7648312449455261,2,71396.9453125,True,999.5230712890625,428.4046630859375,0.0269775390625,-0.013275146484375
72,2.88,True,bytetrack+paper_center,0.6526673436164856,8,21375.1328125,True,1165.0391845703125,345.8890075683594,nan,nan
73,2.92,True,bytetrack+paper_center,0.7674329280853271,2,71396.9453125,True,999.5230712890625,428.4046630859375,0.0,0.0
73,2.92,True,bytetrack+paper_center,0.5181721448898315,8,30104.90234375,False,1168.9693603515625,350.4176330566406,nan,nan
74,2.96,True,bytetrack+paper_center,0.7709964513778687,2,71396.9453125,True,999.5230712890625,428.4046630859375,0.0,0.0
75,3.0,True,bytetrack+paper_center,0.747553825378418,2,75549.0625,True,999.6196899414062,428.4633483886719,0.09661865234375,0.058685302734375
75,3.0,True,bytetrack+paper_center,0.5940835475921631,1,48865.25,True,1229.1751708984375,199.64979553222656,nan,nan
76,3.04,True,bytetrack+paper_center,0.7700420022010803,2,75886.75,True,999.6067504882812,428.4796447753906,-0.012939453125,0.01629638671875
77,3.08,True,bytetrack+paper_center,0.7622613310813904,2,77183.484375,True,999.6224365234375,428.47125244140625,0.01568603515625,-0.008392333984375
77,3.08,True,bytetrack+paper_center,0.6275188326835632,8,29791.0703125,False,1162.7027587890625,387.0781555175781,nan,nan
78,3.12,True,bytetrack+paper_center,0.7625352740287781,2,77183.484375,True,999.6224365234375,428.47125244140625,0.0,0.0
78,3.12,True,bytetrack+paper_center,0.5847600102424622,8,34624.5,False,1166.5806884765625,352.5803527832031,nan,nan
79,3.16,True,bytetrack+paper_center,0.7694833874702454,2,77183.484375,True,999.6224365234375,428.47125244140625,0.0,0.0
80,3.2,True,bytetrack+paper_center,0.766049325466156,2,77183.484375,True,999.6224365234375,428.47125244140625,0.0,0.0
80,3.2,True,bytetrack+paper_center,0.7441444396972656,11,37007.6953125,True,1209.6009521484375,233.87281799316406,nan,nan
81,3.24,True,bytetrack+paper_center,0.7695363759994507,2,77183.484375,True,999.6224365234375,428.47125244140625,0.0,0.0
81,3.24,True,bytetrack+paper_center,0.49716833233833313,8,32029.38671875,True,1164.31396484375,328.58526611328125,nan,nan
82,3.28,True,bytetrack+paper_center,0.7714097499847412,2,77183.484375,True,999.6224365234375,428.47125244140625,0.0,0.0
83,3.32,True,bytetrack+paper_center,0.7789146900177002,2,77183.484375,True,999.6224365234375,428.47125244140625,0.0,0.0
83,3.32,True,bytetrack+paper_center,0.4684479534626007,8,25696.353515625,True,1163.4136962890625,324.8263854980469,nan,nan
84,3.36,True,bytetrack+paper_center,0.7535329461097717,2,75606.875,True,999.591064453125,428.5309753417969,-0.0313720703125,0.059722900390625
84,3.36,True,bytetrack+paper_center,0.6259141564369202,11,7221.0703125,False,1182.8953857421875,234.65745544433594,nan,nan
85,3.4,True,bytetrack+paper_center,0.7515515089035034,2,75606.875,True,999.591064453125,428.5309753417969,0.0,0.0
85,3.4,True,bytetrack+paper_center,0.5000580549240112,11,34502.93359375,True,1195.3153076171875,230.45892333984375,12.419921875,-4.1985321044921875
86,3.44,True,bytetrack+paper_center,0.7573606967926025,2,75606.875,True,999.591064453125,428.5309753417969,0.0,0.0
86,3.44,True,bytetrack+paper_center,0.4884685277938843,8,24591.3359375,True,1162.4150390625,311.8206787109375,nan,nan
87,3.48,True,bytetrack+paper_center,0.7438322305679321,2,75606.875,True,999.591064453125,428.5309753417969,0.0,0.0
88,3.52,True,bytetrack+paper_center,0.740474283695221,2,75606.875,True,999.591064453125,428.5309753417969,0.0,0.0
88,3.52,True,bytetrack+paper_center,0.8112720251083374,8,28075.0546875,True,1158.00146484375,347.73974609375,nan,nan
89,3.56,True,bytetrack+paper_center,0.7494491338729858,2,75606.875,True,999.591064453125,428.5309753417969,0.0,0.0
89,3.56,True,bytetrack+paper_center,0.7146982550621033,11,26565.416015625,True,1176.0,251.0,nan,nan
90,3.6,True,bytetrack+paper_center,0.7423304915428162,2,75606.875,True,999.591064453125,428.5309753417969,0.0,0.0
91,3.64,True,bytetrack+paper_center,0.747045636177063,2,75606.875,True,999.591064453125,428.5309753417969,0.0,0.0
91,3.64,True,bytetrack+paper_center,0.6955287456512451,11,41127.54296875,False,1181.6124267578125,245.60215759277344,nan,nan
92,3.68,True,bytetrack+paper_center,0.7376879453659058,2,75606.875,True,999.591064453125,428.5309753417969,0.0,0.0
92,3.68,True,bytetrack+paper_center,0.777045488357544,8,26081.74609375,False,1161.5833740234375,354.171875,nan,nan
93,3.72,True,bytetrack+paper_center,0.7386806607246399,2,75606.875,True,999.591064453125,428.5309753417969,0.0,0.0
93,3.72,True,bytetrack+paper_center,0.7003113031387329,8,32845.76171875,True,1163.748046875,363.7657165527344,2.1646728515625,9.593841552734375
94,3.76,True,bytetrack+paper_center,0.7455520033836365,2,75606.875,True,999.591064453125,428.5309753417969,0.0,0.0
94,3.76,True,bytetrack+paper_center,0.7791955471038818,11,30432.60546875,False,1174.041748046875,284.3498229980469,nan,nan
95,3.8,True,bytetrack+paper_center,0.7391347289085388,2,75606.875,True,999.591064453125,428.5309753417969,0.0,0.0
96,3.84,True,bytetrack+paper_center,0.7307881116867065,2,75827.921875,True,999.5894775390625,428.5316467285156,-0.0015869140625,0.00067138671875
97,3.88,True,bytetrack+paper_center,0.7382526397705078,2,75827.921875,True,999.5894775390625,428.5316467285156,0.0,0.0
98,3.92,True,bytetrack+paper_center,0.7538436055183411,2,75827.921875,True,999.5894775390625,428.5316467285156,0.0,0.0
98,3.92,True,bytetrack+paper_center,0.481856107711792,11,28470.134765625,False,1172.3765869140625,302.8858947753906,nan,nan
99,3.96,True,bytetrack+paper_center,0.7474062442779541,2,75827.921875,True,999.5894775390625,428.5316467285156,0.0,0.0
99,3.96,True,bytetrack+paper_center,0.7316377758979797,8,41943.6015625,True,1164.8404541015625,394.5863952636719,nan,nan
100,4.0,True,bytetrack+paper_center,0.7540827989578247,2,74415.0390625,True,999.534912109375,428.59564208984375,-0.0545654296875,0.063995361328125
100,4.0,True,bytetrack+paper_center,0.5297226309776306,8,38227.74609375,True,1162.993896484375,372.5888977050781,-1.8465576171875,-21.99749755859375
101,4.04,True,bytetrack+paper_center,0.7587577104568481,2,74135.03125,True,999.5240478515625,428.60443115234375,-0.0108642578125,0.0087890625
101,4.04,True,bytetrack+paper_center,0.5999025106430054,11,19829.21484375,False,1172.1817626953125,298.5102844238281,nan,nan
102,4.08,True,bytetrack+paper_center,0.7441279292106628,2,74135.03125,True,999.5240478515625,428.60443115234375,0.0,0.0
103,4.12,True,bytetrack+paper_center,0.7327573299407959,2,74135.03125,True,999.5240478515625,428.60443115234375,0.0,0.0
104,4.16,True,bytetrack+paper_center,0.7286736965179443,2,74135.03125,True,999.5240478515625,428.60443115234375,0.0,0.0
104,4.16,True,bytetrack+paper_center,0.46570804715156555,19,36891.12890625,True,1225.0640869140625,155.19273376464844,nan,nan
105,4.2,True,bytetrack+paper_center,0.740852415561676,2,74135.03125,True,999.5240478515625,428.60443115234375,0.0,0.0
106,4.24,True,bytetrack+paper_center,0.7387057542800903,2,74135.03125,True,999.5240478515625,428.60443115234375,0.0,0.0
106,4.24,True,bytetrack+paper_center,0.6160263419151306,11,21590.705078125,False,1166.136474609375,342.10772705078125,nan,nan
107,4.28,True,bytetrack+paper_center,0.7420591711997986,2,74135.03125,True,999.5240478515625,428.60443115234375,0.0,0.0
107,4.28,True,bytetrack+paper_center,0.7369239926338196,8,42488.765625,True,1165.4991455078125,409.23504638671875,nan,nan
108,4.32,True,bytetrack+paper_center,0.7424477934837341,2,70985.3125,True,999.4521484375,428.6424560546875,-0.0718994140625,0.03802490234375
108,4.32,True,bytetrack+paper_center,0.6553602814674377,11,30978.56640625,False,1172.66015625,361.7031555175781,nan,nan
109,4.36,True,bytetrack+paper_center,0.7597918510437012,2,70985.3125,True,999.4521484375,428.6424560546875,0.0,0.0
110,4.4,True,bytetrack+paper_center,0.7460797429084778,2,70985.3125,True,999.4521484375,428.6424560546875,0.0,0.0
110,4.4,True,bytetrack+paper_center,0.6636428833007812,19,41030.05859375,False,1224.6348876953125,195.54478454589844,nan,nan
111,4.44,True,bytetrack+paper_center,0.7431237697601318,2,70985.3125,True,999.4521484375,428.6424560546875,0.0,0.0
111,4.44,True,bytetrack+paper_center,0.4828403890132904,19,37616.26953125,True,1231.5684814453125,172.767333984375,6.93359375,-22.777450561523438
112,4.48,True,bytetrack+paper_center,0.757012128829956,2,70985.3125,True,999.4521484375,428.6424560546875,0.0,0.0
113,4.52,True,bytetrack+paper_center,0.7479026913642883,2,70985.3125,True,999.4521484375,428.6424560546875,0.0,0.0
113,4.52,True,bytetrack+paper_center,0.6064817309379578,11,26327.125,False,1178.2779541015625,367.1993713378906,nan,nan
114,4.56,True,bytetrack+paper_center,0.7444303035736084,2,70985.3125,True,999.4521484375,428.6424560546875,0.0,0.0
114,4.56,True,bytetrack+paper_center,0.6037948131561279,8,38908.41796875,False,1191.6898193359375,436.9280090332031,nan,nan
115,4.6,True,bytetrack+paper_center,0.7574363946914673,2,70985.3125,True,999.4521484375,428.6424560546875,0.0,0.0
115,4.6,True,bytetrack+paper_center,0.4579727351665497,11,32885.74609375,True,1184.0,386.0,nan,nan
116,4.64,True,bytetrack+paper_center,0.762165367603302,2,70985.3125,True,999.4521484375,428.6424560546875,0.0,0.0
117,4.68,True,bytetrack+paper_center,0.7489575743675232,2,70985.3125,True,999.4521484375,428.6424560546875,0.0,0.0
118,4.72,True,bytetrack+paper_center,0.7430631518363953,2,70985.3125,True,999.4521484375,428.6424560546875,0.0,0.0
119,4.76,True,bytetrack+paper_center,0.7496009469032288,2,70985.3125,True,999.4521484375,428.6424560546875,0.0,0.0
119,4.76,True,bytetrack+paper_center,0.45449334383010864,19,26968.244140625,True,1235.626220703125,189.636962890625,nan,nan
120,4.8,True,bytetrack+paper_center,0.7585200071334839,2,70751.8984375,True,999.4525146484375,428.63433837890625,0.0003662109375,-0.00811767578125
121,4.84,True,bytetrack+paper_center,0.7390221357345581,2,70751.8984375,True,999.4525146484375,428.63433837890625,0.0,0.0
121,4.84,True,bytetrack+paper_center,0.8705124855041504,8,25859.826171875,False,1195.5081787109375,464.3362121582031,nan,nan
122,4.88,True,bytetrack+paper_center,0.7445439100265503,2,71369.09375,True,999.46337890625,428.6361389160156,0.0108642578125,0.001800537109375
122,4.88,True,bytetrack+paper_center,0.5317161679267883,11,31989.6015625,False,1185.2744140625,423.64849853515625,nan,nan
123,4.92,True,bytetrack+paper_center,0.7504962086677551,2,71369.09375,True,999.46337890625,428.6361389160156,0.0,0.0
124,4.96,True,bytetrack+paper_center,0.751160740852356,2,71144.3515625,True,999.455322265625,428.638916015625,-0.008056640625,0.002777099609375
125,5.0,True,bytetrack+paper_center,0.7465786337852478,2,75993.765625,True,999.5922241210938,428.4961853027344,0.13690185546875,-0.142730712890625
125,5.0,True,bytetrack+paper_center,0.5273543000221252,19,41250.3125,False,1219.0574951171875,190.5841827392578,nan,nan
126,5.04,True,bytetrack+paper_center,0.7472730278968811,2,75860.65625,True,999.6204223632812,428.49163818359375,0.0281982421875,-0.004547119140625
126,5.04,True,bytetrack+paper_center,0.6074144244194031,19,27240.41015625,True,1219.1883544921875,188.086181640625,0.130859375,-2.4980010986328125
127,5.08,True,bytetrack+paper_center,0.7542569041252136,2,75860.65625,True,999.6204223632812,428.49163818359375,0.0,0.0
128,5.12,True,bytetrack+paper_center,0.7505645155906677,2,75860.65625,True,999.6204223632812,428.49163818359375,0.0,0.0
128,5.12,True,bytetrack+paper_center,0.657198429107666,11,29455.89453125,False,1177.7666015625,416.279052734375,nan,nan
129,5.16,True,bytetrack+paper_center,0.7442942261695862,2,75860.65625,True,999.6204223632812,428.49163818359375,0.0,0.0
129,5.16,True,bytetrack+paper_center,0.5456685423851013,11,28539.755859375,True,1169.0,375.0,-8.7666015625,-41.279052734375
130,5.2,True,bytetrack+paper_center,0.7496691346168518,2,76658.4453125,True,999.6168823242188,428.49310302734375,-0.0035400390625,0.00146484375
131,5.24,True,bytetrack+paper_center,0.7353047728538513,2,76658.4453125,True,999.6168823242188,428.49310302734375,0.0,0.0
131,5.24,True,bytetrack+paper_center,0.5834113955497742,19,25682.09375,True,1218.1842041015625,200.23211669921875,nan,nan
132,5.28,True,bytetrack+paper_center,0.7367786169052124,2,77345.8984375,True,999.6113891601562,428.462158203125,-0.0054931640625,-0.03094482421875
132,5.28,True,bytetrack+paper_center,0.5872786045074463,19,16433.890625,True,1208.0,211.0,-10.1842041015625,10.76788330078125
133,5.32,True,bytetrack+paper_center,0.724899172782898,2,77345.8984375,True,999.6113891601562,428.462158203125,0.0,0.0
133,5.32,True,bytetrack+paper_center,0.8472333550453186,11,14622.3984375,True,1151.4609375,359.6544189453125,nan,nan
134,5.36,True,bytetrack+paper_center,0.7350592613220215,2,77345.8984375,True,999.6113891601562,428.462158203125,0.0,0.0
134,5.36,True,bytetrack+paper_center,0.7718454599380493,11,30232.984375,True,1160.3150634765625,421.111083984375,8.8541259765625,61.4566650390625
135,5.4,True,bytetrack+paper_center,0.7599778771400452,2,77345.8984375,True,999.6113891601562,428.462158203125,0.0,0.0
136,5.44,True,bytetrack+paper_center,0.75266432762146,2,77345.8984375,True,999.6113891601562,428.462158203125,0.0,0.0
136,5.44,True,bytetrack+paper_center,0.46237167716026306,19,33303.79296875,False,1193.0186767578125,232.9402618408203,nan,nan
137,5.48,True,bytetrack+paper_center,0.7550085186958313,2,77345.8984375,True,999.6113891601562,428.462158203125,0.0,0.0
137,5.48,True,bytetrack+paper_center,0.7652825713157654,19,22276.1640625,False,1171.9202880859375,272.94464111328125,nan,nan
138,5.52,True,bytetrack+paper_center,0.7514699101448059,2,77345.8984375,True,999.6113891601562,428.462158203125,0.0,0.0
138,5.52,True,bytetrack+paper_center,0.8079466819763184,11,27863.38671875,True,1151.26513671875,392.6357421875,nan,nan
139,5.56,True,bytetrack+paper_center,0.7496013045310974,2,77345.8984375,True,999.6113891601562,428.462158203125,0.0,0.0
139,5.56,True,bytetrack+paper_center,0.8055512309074402,11,31785.07421875,True,1155.5531005859375,349.7382507324219,4.2879638671875,-42.897491455078125
140,5.6,True,bytetrack+paper_center,0.7534682750701904,2,77345.8984375,True,999.6113891601562,428.462158203125,0.0,0.0
140,5.6,True,bytetrack+paper_center,0.705787181854248,19,7173.16015625,False,1173.1136474609375,271.7690124511719,nan,nan
141,5.64,True,bytetrack+paper_center,0.7598263025283813,2,77345.8984375,True,999.6113891601562,428.462158203125,0.0,0.0
142,5.68,True,bytetrack+paper_center,0.7417641282081604,2,77073.140625,True,999.603759765625,428.4603271484375,-0.00762939453125,-0.0018310546875
143,5.72,True,bytetrack+paper_center,0.739362895488739,2,77073.140625,True,999.603759765625,428.4603271484375,0.0,0.0
143,5.72,True,bytetrack+paper_center,0.7111437916755676,11,27445.375,True,1156.0,355.0,nan,nan
144,5.76,True,bytetrack+paper_center,0.7393422722816467,2,76592.875,True,999.6239013671875,428.43695068359375,0.0201416015625,-0.02337646484375
144,5.76,True,bytetrack+paper_center,0.7304224371910095,19,38769.6875,False,1168.0211181640625,268.777587890625,nan,nan
145,5.8,True,bytetrack+paper_center,0.7536497712135315,2,76592.875,True,999.6239013671875,428.43695068359375,0.0,0.0
145,5.8,True,bytetrack+paper_center,0.6579784750938416,11,29257.40234375,True,1150.5555419921875,314.761962890625,nan,nan
146,5.84,True,bytetrack+paper_center,0.7472769021987915,2,76592.875,True,999.6239013671875,428.43695068359375,0.0,0.0
147,5.88,True,bytetrack+paper_center,0.7432712316513062,2,76592.875,True,999.6239013671875,428.43695068359375,0.0,0.0
147,5.88,True,bytetrack+paper_center,0.8553237915039062,11,25921.0078125,False,1151.5,344.6147155761719,nan,nan
148,5.92,True,bytetrack+paper_center,0.7505950331687927,2,76592.875,True,999.6239013671875,428.43695068359375,0.0,0.0
148,5.92,True,bytetrack+paper_center,0.6760113835334778,19,42629.19921875,False,1168.8873291015625,250.36697387695312,nan,nan
149,5.96,True,bytetrack+paper_center,0.751361072063446,2,76592.875,True,999.6239013671875,428.43695068359375,0.0,0.0
149,5.96,True,bytetrack+paper_center,0.809787929058075,19,26303.623046875,True,1160.3094482421875,284.51910400390625,-8.577880859375,34.152130126953125
150,6.0,True,bytetrack+paper_center,0.7656412720680237,2,73964.9375,True,999.6578979492188,428.5545654296875,0.03399658203125,0.11761474609375
150,6.0,True,bytetrack+paper_center,0.8098532557487488,11,41338.8203125,True,1145.20654296875,384.56011962890625,nan,nan
151,6.04,True,bytetrack+paper_center,0.7683830261230469,2,74893.984375,True,999.6666259765625,428.56634521484375,0.00872802734375,0.01177978515625
151,6.04,True,bytetrack+paper_center,0.7637003064155579,11,21016.546875,False,1151.15625,338.15985107421875,nan,nan
152,6.08,True,bytetrack+paper_center,0.762618362903595,2,75670.984375,True,999.6624145507812,428.565185546875,-0.00421142578125,-0.00115966796875
152,6.08,True,bytetrack+paper_center,0.7504048943519592,19,6198.39453125,False,1168.2315673828125,229.62554931640625,nan,nan
153,6.12,True,bytetrack+paper_center,0.7610622644424438,2,75670.984375,True,999.6624145507812,428.565185546875,0.0,0.0
153,6.12,True,bytetrack+paper_center,0.784465491771698,19,28756.1875,False,1165.25390625,235.9410400390625,nan,nan
154,6.16,True,bytetrack+paper_center,0.7593916654586792,2,75670.984375,True,999.6624145507812,428.565185546875,0.0,0.0
154,6.16,True,bytetrack+paper_center,0.9247731566429138,11,24292.484375,True,1140.0382080078125,361.1257629394531,nan,nan
155,6.2,True,bytetrack+paper_center,0.7631691694259644,2,75670.984375,True,999.6624145507812,428.565185546875,0.0,0.0
155,6.2,True,bytetrack+paper_center,0.8558304905891418,11,26174.1328125,True,1148.4986572265625,340.7266540527344,8.46044921875,-20.39910888671875
156,6.24,True,bytetrack+paper_center,0.7850580811500549,2,71048.390625,True,999.6558837890625,428.6069641113281,-0.00653076171875,0.041778564453125
156,6.24,True,bytetrack+paper_center,0.8026486039161682,19,26104.15625,False,1164.8807373046875,243.53050231933594,nan,nan
157,6.28,True,bytetrack+paper_center,0.7834422588348389,2,71048.390625,True,999.6558837890625,428.6069641113281,0.0,0.0
157,6.28,True,bytetrack+paper_center,0.7856958508491516,19,26497.017578125,True,1159.283935546875,261.4862060546875,-5.5968017578125,17.955703735351562
158,6.32,True,bytetrack+paper_center,0.7854236960411072,2,71048.390625,True,999.6558837890625,428.6069641113281,0.0,0.0
158,6.32,True,bytetrack+paper_center,0.888931393623352,11,29519.8203125,True,1147.2781982421875,393.3291931152344,nan,nan
159,6.36,True,bytetrack+paper_center,0.7763080596923828,2,71048.390625,True,999.6558837890625,428.6069641113281,0.0,0.0
159,6.36,True,bytetrack+paper_center,0.8392515778541565,11,25195.3671875,False,1154.2349853515625,364.4989929199219,nan,nan
160,6.4,True,bytetrack+paper_center,0.786657452583313,2,71048.390625,True,999.6558837890625,428.6069641113281,0.0,0.0
160,6.4,True,bytetrack+paper_center,0.7671775221824646,19,25357.42578125,False,1161.513427734375,245.90847778320312,nan,nan
161,6.44,True,bytetrack+paper_center,0.7827601432800293,2,71048.390625,True,999.6558837890625,428.6069641113281,0.0,0.0
161,6.44,True,bytetrack+paper_center,0.8166297078132629,19,20537.169921875,False,1153.843017578125,270.7541809082031,nan,nan
162,6.48,True,bytetrack+paper_center,0.789168119430542,2,71048.390625,True,999.6558837890625,428.6069641113281,0.0,0.0
162,6.48,True,bytetrack+paper_center,0.8894985318183899,11,49337.47265625,True,1151.6512451171875,389.5574951171875,nan,nan
163,6.52,True,bytetrack+paper_center,0.7770543098449707,2,71048.390625,True,999.6558837890625,428.6069641113281,0.0,0.0
163,6.52,True,bytetrack+paper_center,0.7753505706787109,11,33734.66015625,True,1156.389404296875,352.1654968261719,4.7381591796875,-37.391998291015625
164,6.56,True,bytetrack+paper_center,0.7883809804916382,2,71048.390625,True,999.6558837890625,428.6069641113281,0.0,0.0
164,6.56,True,bytetrack+paper_center,0.864020586013794,19,23370.376953125,True,1165.85107421875,238.47747802734375,nan,nan
165,6.6,True,bytetrack+paper_center,0.7868276238441467,2,71048.390625,True,999.6558837890625,428.6069641113281,0.0,0.0
165,6.6,True,bytetrack+paper_center,0.8007234334945679,19,23786.923828125,False,1161.8173828125,257.2303161621094,nan,nan
166,6.64,True,bytetrack+paper_center,0.774275541305542,2,71048.390625,True,999.6558837890625,428.6069641113281,0.0,0.0
166,6.64,True,bytetrack+paper_center,0.9003926515579224,11,27848.88671875,True,1149.7977294921875,378.65850830078125,nan,nan
167,6.68,True,bytetrack+paper_center,0.7744061946868896,2,71409.03125,True,999.6321411132812,428.6332702636719,-0.02374267578125,0.02630615234375
167,6.68,True,bytetrack+paper_center,0.8774377107620239,11,28357.228515625,True,1152.5914306640625,342.1559143066406,2.793701171875,-36.502593994140625
168,6.72,True,bytetrack+paper_center,0.7778471112251282,2,72419.0,True,999.637451171875,428.6255187988281,0.00531005859375,-0.00775146484375
168,6.72,True,bytetrack+paper_center,0.7101933360099792,19,25135.369140625,True,1163.61572265625,224.0291748046875,nan,nan
169,6.76,True,bytetrack+paper_center,0.7813916802406311,2,72419.0,True,999.637451171875,428.6255187988281,0.0,0.0
169,6.76,True,bytetrack+paper_center,0.6136895418167114,19,22520.84765625,True,1156.511474609375,230.66671752929688,-7.104248046875,6.637542724609375
170,6.8,True,bytetrack+paper_center,0.7759677767753601,2,72419.0,True,999.637451171875,428.6255187988281,0.0,0.0
170,6.8,True,bytetrack+paper_center,0.9136760830879211,11,32680.453125,True,1142.8150634765625,362.75665283203125,nan,nan
171,6.84,True,bytetrack+paper_center,0.7826383113861084,2,72419.0,True,999.637451171875,428.6255187988281,0.0,0.0
171,6.84,True,bytetrack+paper_center,0.8569313287734985,11,21969.640625,True,1146.0,328.0,3.1849365234375,-34.75665283203125
172,6.88,True,bytetrack+paper_center,0.7671938538551331,2,72419.0,True,999.637451171875,428.6255187988281,0.0,0.0
172,6.88,True,bytetrack+paper_center,0.5657524466514587,19,28230.001953125,True,1156.525634765625,225.2363739013672,nan,nan
173,6.92,True,bytetrack+paper_center,0.7767448425292969,2,72419.0,True,999.637451171875,428.6255187988281,0.0,0.0
173,6.92,True,bytetrack+paper_center,0.6547449231147766,19,31705.947265625,True,1148.152099609375,250.67916870117188,-8.37353515625,25.442794799804688
174,6.96,True,bytetrack+paper_center,0.7861553430557251,2,72419.0,True,999.637451171875,428.6255187988281,0.0,0.0
174,6.96,True,bytetrack+paper_center,0.8816133141517639,11,36704.57421875,True,1142.84716796875,378.28076171875,nan,nan
175,7.0,True,bytetrack+paper_center,0.7402359843254089,2,77360.0625,True,999.521484375,428.5735778808594,-0.115966796875,-0.05194091796875
175,7.0,True,bytetrack+paper_center,0.7426589131355286,11,23195.001953125,True,1145.4552001953125,334.73602294921875,2.6080322265625,-43.54473876953125
176,7.04,True,bytetrack+paper_center,0.7363013625144958,2,77239.0859375,True,999.5203247070312,428.56378173828125,-0.00115966796875,-0.009796142578125
176,7.04,True,bytetrack+paper_center,0.5510976314544678,19,27394.857421875,False,1156.5296630859375,222.22454833984375,nan,nan
177,7.08,True,bytetrack+paper_center,0.7409767508506775,2,77239.0859375,True,999.5203247070312,428.56378173828125,0.0,0.0
177,7.08,True,bytetrack+paper_center,0.7123925685882568,19,31151.02734375,True,1144.52978515625,256.3892822265625,-11.9998779296875,34.16473388671875
178,7.12,True,bytetrack+paper_center,0.7548258900642395,2,77260.7109375,True,999.5191040039062,428.5634460449219,-0.001220703125,-0.000335693359375
178,7.12,True,bytetrack+paper_center,0.9238585829734802,11,26453.08984375,True,1138.3701171875,381.1291809082031,nan,nan
179,7.16,True,bytetrack+paper_center,0.753719687461853,2,77260.7109375,True,999.5191040039062,428.5634460449219,0.0,0.0
179,7.16,True,bytetrack+paper_center,0.7738144993782043,11,21091.376953125,True,1139.451171875,322.751953125,1.0810546875,-58.377227783203125
180,7.2,True,bytetrack+paper_center,0.7454912066459656,2,76139.5,True,999.4530639648438,428.5246276855469,-0.0660400390625,-0.038818359375
180,7.2,True,bytetrack+paper_center,0.8744915127754211,19,30643.755859375,True,1156.2303466796875,217.90032958984375,nan,nan
181,7.24,True,bytetrack+paper_center,0.7514154314994812,2,76097.9375,True,999.453857421875,428.52471923828125,0.00079345703125,9.1552734375e-05
181,7.24,True,bytetrack+paper_center,0.7556744813919067,19,19660.724609375,True,1142.4300537109375,254.81211853027344,-13.80029296875,36.91178894042969
182,7.28,True,bytetrack+paper_center,0.7611652612686157,2,76097.9375,True,999.453857421875,428.52471923828125,0.0,0.0
182,7.28,True,bytetrack+paper_center,0.9372154474258423,11,35315.96484375,True,1136.2105712890625,376.8547668457031,nan,nan
183,7.32,True,bytetrack+paper_center,0.7572646141052246,2,76097.9375,True,999.453857421875,428.52471923828125,0.0,0.0
183,7.32,True,bytetrack+paper_center,0.7839048504829407,11,24587.2734375,False,1142.728759765625,312.9824523925781,nan,nan
184,7.36,True,bytetrack+paper_center,0.7275418043136597,2,76097.9375,True,999.453857421875,428.52471923828125,0.0,0.0
184,7.36,True,bytetrack+paper_center,0.7782654166221619,19,35813.5703125,True,1155.528076171875,219.81057739257812,nan,nan
185,7.4,True,bytetrack+paper_center,0.7481017112731934,2,76405.390625,True,999.45068359375,428.5252380371094,-0.003173828125,0.000518798828125
185,7.4,True,bytetrack+paper_center,0.9177312850952148,11,22535.05859375,True,1136.0,275.0,nan,nan
186,7.44,True,bytetrack+paper_center,0.7557525038719177,2,77657.90625,True,999.4339599609375,428.5660095214844,-0.0167236328125,0.040771484375
187,7.48,True,bytetrack+paper_center,0.748896598815918,2,77608.875,True,999.4373168945312,428.5669250488281,0.00335693359375,0.00091552734375
187,7.48,True,bytetrack+paper_center,0.6850231289863586,11,24980.2734375,True,1138.6500244140625,321.88348388671875,nan,nan
188,7.52,True,bytetrack+paper_center,0.7389619946479797,2,77608.875,True,999.4373168945312,428.5669250488281,0.0,0.0
188,7.52,True,bytetrack+paper_center,0.8296405673027039,19,34132.5,True,1152.0,233.0,nan,nan
189,7.56,True,bytetrack+paper_center,0.7499756217002869,2,77608.875,True,999.4373168945312,428.5669250488281,0.0,0.0
189,7.56,True,bytetrack+paper_center,0.8569546937942505,11,18632.6171875,True,1131.0,296.0,nan,nan
190,7.6,True,bytetrack+paper_center,0.7536471486091614,2,77518.546875,True,999.43359375,428.5649108886719,-0.00372314453125,-0.00201416015625
190,7.6,True,bytetrack+paper_center,0.9559886455535889,11,30242.21875,True,1131.57763671875,367.81427001953125,0.57763671875,71.81427001953125
191,7.64,True,bytetrack+paper_center,0.7480711340904236,2,77518.546875,True,999.43359375,428.5649108886719,0.0,0.0
191,7.64,True,bytetrack+paper_center,0.8221781253814697,19,22769.3671875,False,1143.22607421875,273.2621154785156,nan,nan
192,7.68,True,bytetrack+paper_center,0.7308200001716614,2,60862.921875,True,999.4430541992188,428.48388671875,0.00946044921875,-0.081024169921875
192,7.68,True,bytetrack+paper_center,0.6423337459564209,19,35673.15234375,True,1150.0,222.0,6.77392578125,-51.262115478515625
193,7.72,True,bytetrack+paper_center,0.7368940711021423,2,63600.98046875,True,999.4228515625,428.5641174316406,-0.02020263671875,0.080230712890625
193,7.72,True,bytetrack+paper_center,0.8469499945640564,11,22824.31640625,False,1123.435791015625,321.06756591796875,nan,nan
194,7.76,True,bytetrack+paper_center,0.7564824819564819,2,63538.25,True,999.41845703125,428.56732177734375,-0.00439453125,0.003204345703125
194,7.76,True,bytetrack+paper_center,0.8908108472824097,11,24490.07421875,True,1139.528564453125,365.4139404296875,16.0927734375,44.34637451171875
195,7.8,True,bytetrack+paper_center,0.7502191066741943,2,63415.59765625,True,999.41845703125,428.566650390625,0.0,-0.00067138671875
195,7.8,True,bytetrack+paper_center,0.8264968991279602,19,32990.55859375,False,1144.98583984375,254.29580688476562,nan,nan
196,7.84,True,bytetrack+paper_center,0.7435466051101685,2,50827.91796875,True,999.455810546875,428.6572570800781,0.037353515625,0.090606689453125
196,7.84,True,bytetrack+paper_center,0.5916359424591064,19,24751.7421875,True,1149.0,219.0,4.01416015625,-35.295806884765625
197,7.88,True,bytetrack+paper_center,0.7129351496696472,2,49414.21484375,True,999.467041015625,428.6500549316406,0.01123046875,-0.0072021484375
197,7.88,True,bytetrack+paper_center,0.8951559066772461,11,26335.05078125,True,1127.159423828125,343.6299133300781,nan,nan
198,7.92,True,bytetrack+paper_center,0.7597748041152954,2,50533.21484375,True,999.4588623046875,428.6856689453125,-0.0081787109375,0.035614013671875
198,7.92,True,bytetrack+paper_center,0.8706457018852234,11,29249.5546875,True,1141.280517578125,359.8255615234375,14.12109375,16.195648193359375
199,7.96,True,bytetrack+paper_center,0.7502971291542053,2,50353.4140625,True,999.461181640625,428.6858825683594,0.0023193359375,0.000213623046875
199,7.96,True,bytetrack+paper_center,0.7905223965644836,19,25586.83984375,False,1146.8856201171875,248.8548583984375,nan,nan
200,8.0,True,bytetrack+paper_center,0.7503362894058228,2,42551.58984375,True,999.5541381835938,428.6414794921875,0.09295654296875,-0.044403076171875
200,8.0,True,bytetrack+paper_center,0.6011598706245422,19,34043.3984375,True,1147.448486328125,231.3031005859375,0.5628662109375,-17.5517578125
201,8.04,True,bytetrack+paper_center,0.7579209208488464,2,42473.5234375,True,999.5198974609375,428.6491394042969,-0.03424072265625,0.007659912109375
201,8.04,True,bytetrack+paper_center,0.9322415590286255,11,23981.44140625,True,1130.4915771484375,336.80523681640625,nan,nan
202,8.08,True,bytetrack+paper_center,0.7622559070587158,2,44812.359375,True,999.54296875,428.5934143066406,0.0230712890625,-0.05572509765625
202,8.08,True,bytetrack+paper_center,0.8798519372940063,11,34923.22265625,False,1141.3758544921875,333.02880859375,nan,nan
203,8.12,True,bytetrack+paper_center,0.7516811490058899,2,52069.90234375,True,999.529052734375,428.5886535644531,-0.013916015625,-0.0047607421875
203,8.12,True,bytetrack+paper_center,0.7563558220863342,19,32064.732421875,False,1151.483154296875,231.8294677734375,nan,nan
204,8.16,True,bytetrack+paper_center,0.7246579527854919,2,51334.890625,True,999.5657348632812,428.5874938964844,0.03668212890625,-0.00115966796875
204,8.16,True,bytetrack+paper_center,0.7054994106292725,19,31300.19921875,True,1161.0,208.0,9.516845703125,-23.8294677734375
205,8.2,True,bytetrack+paper_center,0.7390515804290771,2,52117.8671875,True,999.5654907226562,428.5935363769531,-0.000244140625,0.00604248046875
205,8.2,True,bytetrack+paper_center,0.8850528597831726,11,20882.048828125,True,1133.0,322.0,nan,nan
206,8.24,True,bytetrack+paper_center,0.7408846020698547,2,55310.296875,True,999.5663452148438,428.6039123535156,0.0008544921875,0.0103759765625
206,8.24,True,bytetrack+paper_center,0.9099175333976746,11,21006.4765625,True,1137.3321533203125,335.6752014160156,4.3321533203125,13.675201416015625
207,8.28,True,bytetrack+paper_center,0.7164563536643982,2,55310.296875,True,999.5663452148438,428.6039123535156,0.0,0.0
207,8.28,True,bytetrack+paper_center,0.741565465927124,19,27995.537109375,True,1160.0,230.0,nan,nan
208,8.32,True,bytetrack+paper_center,0.7234870791435242,2,55310.296875,True,999.5663452148438,428.6039123535156,0.0,0.0
208,8.32,True,bytetrack+paper_center,0.45052897930145264,19,31894.810546875,False,1176.6898193359375,193.918701171875,nan,nan
209,8.36,True,bytetrack+paper_center,0.7338136434555054,2,58901.98828125,True,999.5537109375,428.5685119628906,-0.01263427734375,-0.035400390625
209,8.36,True,bytetrack+paper_center,0.7285898923873901,11,24902.888671875,True,1144.0,278.0,nan,nan
210,8.4,True,bytetrack+paper_center,0.7205005884170532,2,60141.09375,True,999.5614624023438,428.572509765625,0.00775146484375,0.003997802734375
210,8.4,True,bytetrack+paper_center,0.8720738887786865,11,31946.37890625,True,1132.9139404296875,322.7090759277344,-11.0860595703125,44.709075927734375
211,8.44,True,bytetrack+paper_center,0.7276724576950073,2,61068.7109375,True,999.5538330078125,428.5797119140625,-0.00762939453125,0.0072021484375
211,8.44,True,bytetrack+paper_center,0.7424043416976929,11,41700.8828125,True,1146.5244140625,281.864501953125,13.6104736328125,-40.844573974609375
212,8.48,True,bytetrack+paper_center,0.730129599571228,2,61068.7109375,True,999.5538330078125,428.5797119140625,0.0,0.0
212,8.48,True,bytetrack+paper_center,0.6695400476455688,19,40236.609375,False,1172.733154296875,240.4186553955078,nan,nan
213,8.52,True,bytetrack+paper_center,0.7312055230140686,2,61068.7109375,True,999.5538330078125,428.5797119140625,0.0,0.0
213,8.52,True,bytetrack+paper_center,0.6371967792510986,19,42726.390625,True,1197.519775390625,227.17144775390625,24.78662109375,-13.247207641601562
214,8.56,True,bytetrack+paper_center,0.7292654514312744,2,61068.7109375,True,999.5538330078125,428.5797119140625,0.0,0.0
214,8.56,True,bytetrack+paper_center,0.6863729953765869,19,34760.7890625,False,1208.808837890625,219.6090545654297,nan,nan
215,8.6,True,bytetrack+paper_center,0.7252387404441833,2,65051.46875,True,999.5777587890625,428.52880859375,0.02392578125,-0.0509033203125
215,8.6,True,bytetrack+paper_center,0.8391776084899902,19,39459.35546875,True,1219.49658203125,221.0645751953125,10.687744140625,1.4555206298828125
216,8.64,True,bytetrack+paper_center,0.7303677797317505,2,64862.98828125,True,999.60302734375,428.5550231933594,0.0252685546875,0.026214599609375
216,8.64,True,bytetrack+paper_center,0.9131885170936584,19,45595.8359375,True,1227.6236572265625,237.85299682617188,8.1270751953125,16.788421630859375
217,8.68,True,bytetrack+paper_center,0.7359138131141663,2,64862.98828125,True,999.60302734375,428.5550231933594,0.0,0.0
217,8.68,True,bytetrack+paper_center,0.8947029709815979,19,42940.20703125,True,1230.2576904296875,263.4381103515625,2.634033203125,25.585113525390625
218,8.72,True,bytetrack+paper_center,0.7260854840278625,2,64862.98828125,True,999.60302734375,428.5550231933594,0.0,0.0
218,8.72,True,bytetrack+paper_center,0.859473705291748,19,44408.265625,False,1229.0394287109375,291.8731689453125,nan,nan
219,8.76,True,bytetrack+paper_center,0.7316439151763916,2,64862.98828125,True,999.60302734375,428.5550231933594,0.0,0.0
219,8.76,True,bytetrack+paper_center,0.8302772045135498,19,51206.7734375,False,1221.6673583984375,323.44775390625,nan,nan
220,8.8,True,bytetrack+paper_center,0.7319421172142029,2,64862.98828125,True,999.60302734375,428.5550231933594,0.0,0.0
220,8.8,True,bytetrack+paper_center,0.8084722757339478,19,45395.23046875,False,1214.20361328125,347.8053894042969,nan,nan
221,8.84,True,bytetrack+paper_center,0.7297335267066956,2,64862.98828125,True,999.60302734375,428.5550231933594,0.0,0.0
221,8.84,True,bytetrack+paper_center,0.8825870752334595,19,39513.6796875,True,1202.6396484375,363.9027099609375,-11.56396484375,16.097320556640625
222,8.88,True,bytetrack+paper_center,0.7242202758789062,2,64862.98828125,True,999.60302734375,428.5550231933594,0.0,0.0
222,8.88,True,bytetrack+paper_center,0.7559992074966431,19,38686.16015625,True,1195.375,372.2276306152344,-7.2646484375,8.324920654296875
223,8.92,True,bytetrack+paper_center,0.7123123407363892,2,64862.98828125,True,999.60302734375,428.5550231933594,0.0,0.0
223,8.92,True,bytetrack+paper_center,0.8925960659980774,19,45839.63671875,True,1185.423583984375,380.9393310546875,-9.951416015625,8.711700439453125
224,8.96,True,bytetrack+paper_center,0.7220696210861206,2,64862.98828125,True,999.60302734375,428.5550231933594,0.0,0.0
224,8.96,True,bytetrack+paper_center,0.8453186750411987,19,43558.0078125,True,1177.433837890625,389.7539367675781,-7.98974609375,8.814605712890625
225,9.0,True,bytetrack+paper_center,0.7264710664749146,2,74124.171875,True,999.5478515625,428.6131591796875,-0.05517578125,0.058135986328125
225,9.0,True,bytetrack+paper_center,0.7856695055961609,19,38845.2890625,True,1170.679931640625,399.91595458984375,-6.75390625,10.162017822265625
226,9.04,True,bytetrack+paper_center,0.7227770090103149,2,73796.921875,True,999.5499267578125,428.6158447265625,0.0020751953125,0.002685546875
226,9.04,True,bytetrack+paper_center,0.8254685401916504,19,40468.9296875,True,1175.7071533203125,404.2900390625,5.0272216796875,4.37408447265625
227,9.08,True,bytetrack+paper_center,0.7151346206665039,2,74017.9375,True,999.549072265625,428.6393127441406,-0.0008544921875,0.023468017578125
227,9.08,True,bytetrack+paper_center,0.872562050819397,19,40926.2734375,False,1179.0623779296875,408.60064697265625,nan,nan
228,9.12,True,bytetrack+paper_center,0.6983152031898499,2,74126.171875,True,999.5883178710938,428.6266174316406,0.03924560546875,-0.0126953125
228,9.12,True,bytetrack+paper_center,0.8693112134933472,19,36445.62890625,True,1187.1748046875,412.5062255859375,8.1124267578125,3.90557861328125
229,9.16,True,bytetrack+paper_center,0.7050261497497559,2,74126.171875,True,999.5883178710938,428.6266174316406,0.0,0.0
229,9.16,True,bytetrack+paper_center,0.8153801560401917,19,48833.0,True,1190.6708984375,414.61993408203125,3.49609375,2.11370849609375
230,9.2,True,bytetrack+paper_center,0.7111806273460388,2,74381.3515625,True,999.5862426757812,428.627197265625,-0.0020751953125,0.000579833984375
230,9.2,True,bytetrack+paper_center,0.8521029949188232,19,46216.2578125,True,1193.709716796875,414.4239807128906,3.038818359375,-0.195953369140625
231,9.24,True,bytetrack+paper_center,0.7299425601959229,2,73874.109375,True,999.5955810546875,428.63299560546875,0.00933837890625,0.00579833984375
231,9.24,True,bytetrack+paper_center,0.8655655980110168,19,47154.31640625,True,1193.778564453125,413.4738464355469,0.06884765625,-0.95013427734375
232,9.28,True,bytetrack+paper_center,0.7311838269233704,2,73874.109375,True,999.5955810546875,428.63299560546875,0.0,0.0
232,9.28,True,bytetrack+paper_center,0.842915415763855,19,45616.015625,True,1193.78857421875,413.2176208496094,0.010009765625,-0.2562255859375
233,9.32,True,bytetrack+paper_center,0.7264912128448486,2,74313.015625,True,999.5860595703125,428.55267333984375,-0.009521484375,-0.080322265625
233,9.32,True,bytetrack+paper_center,0.8356582522392273,19,44615.71484375,True,1192.0748291015625,412.61126708984375,-1.7137451171875,-0.606353759765625
234,9.36,True,bytetrack+paper_center,0.7516077160835266,2,72952.9375,True,999.5626220703125,428.5553894042969,-0.0234375,0.002716064453125
234,9.36,True,bytetrack+paper_center,0.8401865363121033,19,39078.5390625,True,1189.0458984375,415.26422119140625,-3.0289306640625,2.6529541015625
235,9.4,True,bytetrack+paper_center,0.7521933913230896,2,72952.9375,True,999.5626220703125,428.5553894042969,0.0,0.0
235,9.4,True,bytetrack+paper_center,0.7808286547660828,19,34196.890625,True,1181.537109375,422.25726318359375,-7.5087890625,6.9930419921875
236,9.44,True,bytetrack+paper_center,0.7637302875518799,2,71537.1875,True,999.5016479492188,428.689697265625,-0.06097412109375,0.134307861328125
236,9.44,True,bytetrack+paper_center,0.8867871165275574,19,36591.69140625,True,1179.0804443359375,427.801513671875,-2.4566650390625,5.54425048828125
237,9.48,True,bytetrack+paper_center,0.7999913096427917,2,46809.984375,True,999.5364379882812,429.51226806640625,0.0347900390625,0.82257080078125
237,9.48,True,bytetrack+paper_center,0.9205344915390015,19,47470.546875,True,1178.791015625,428.80023193359375,-0.2894287109375,0.99871826171875
238,9.52,True,bytetrack+paper_center,0.8323348760604858,2,49990.0,True,999.5535888671875,430.77972412109375,0.01715087890625,1.2674560546875
238,9.52,True,bytetrack+paper_center,0.9155020713806152,19,49913.93359375,True,1176.24072265625,429.345703125,-2.55029296875,0.54547119140625
239,9.56,True,bytetrack+paper_center,0.8629926443099976,2,53811.0859375,True,999.6742553710938,431.56903076171875,0.12066650390625,0.789306640625
239,9.56,True,bytetrack+paper_center,0.8622167706489563,19,47830.65625,True,1174.897216796875,430.79302978515625,-1.343505859375,1.44732666015625
240,9.6,True,bytetrack+paper_center,0.8444095253944397,2,60455.984375,True,999.8861694335938,431.74151611328125,0.2119140625,0.1724853515625
240,9.6,True,bytetrack+paper_center,0.8903270363807678,19,59183.29296875,True,1174.3258056640625,433.0869445800781,-0.5714111328125,2.293914794921875
241,9.64,True,bytetrack+paper_center,0.8480141162872314,2,60840.4140625,True,999.942138671875,433.2926025390625,0.05596923828125,1.55108642578125
241,9.64,True,bytetrack+paper_center,0.9092302918434143,19,53232.80078125,True,1174.2237548828125,433.4448547363281,-0.10205078125,0.35791015625
242,9.68,True,bytetrack+paper_center,0.8489818572998047,2,55717.0390625,True,999.81298828125,433.568115234375,-0.129150390625,0.2755126953125
242,9.68,True,bytetrack+paper_center,0.9012941718101501,19,52341.1640625,True,1174.30322265625,433.4862060546875,0.0794677734375,0.041351318359375
243,9.72,True,bytetrack+paper_center,0.8421038389205933,2,52065.7421875,True,999.77685546875,433.5816955566406,-0.0361328125,0.013580322265625
243,9.72,True,bytetrack+paper_center,0.8871890902519226,19,53543.26953125,True,1174.4490966796875,433.7191162109375,0.1458740234375,0.23291015625
244,9.76,True,bytetrack+paper_center,0.8454612493515015,2,53258.50390625,True,999.7909545898438,433.5654602050781,0.01409912109375,-0.0162353515625
244,9.76,True,bytetrack+paper_center,0.856498658657074,19,58849.94921875,True,1174.3995361328125,434.2829895019531,-0.049560546875,0.563873291015625
245,9.8,True,bytetrack+paper_center,0.8562524914741516,2,50416.3984375,True,999.9329833984375,434.2496337890625,0.14202880859375,0.684173583984375
245,9.8,True,bytetrack+paper_center,0.8573600649833679,19,61191.4453125,True,1174.3773193359375,434.1604919433594,-0.022216796875,-0.12249755859375
246,9.84,True,bytetrack+paper_center,0.8514791131019592,2,50875.01171875,True,999.9470825195312,434.1760559082031,0.01409912109375,-0.073577880859375
246,9.84,True,bytetrack+paper_center,0.8574908375740051,19,61191.4453125,True,1174.3773193359375,434.1604919433594,0.0,0.0
247,9.88,True,bytetrack+paper_center,0.8493199944496155,2,50927.96875,True,999.9500732421875,434.18060302734375,0.00299072265625,0.004547119140625
247,9.88,True,bytetrack+paper_center,0.8565527200698853,19,61188.04296875,True,1174.3773193359375,434.1604919433594,0.0,0.0
248,9.92,True,bytetrack+paper_center,0.8407777547836304,2,50956.34765625,True,999.9500732421875,434.18060302734375,0.0,0.0
248,9.92,True,bytetrack+paper_center,0.8616678714752197,19,73367.421875,True,1174.484619140625,434.1523132324219,0.1072998046875,-0.0081787109375
249,9.96,True,bytetrack+paper_center,0.8344437479972839,2,59628.828125,True,999.881591796875,434.2148742675781,-0.0684814453125,0.034271240234375
249,9.96,True,bytetrack+paper_center,0.850642204284668,19,79156.9140625,True,1174.4910888671875,434.17120361328125,0.0064697265625,0.018890380859375
250,10.0,True,bytetrack+paper_center,0.8213883638381958,2,79670.1875,True,999.8488159179688,434.42669677734375,-0.03277587890625,0.211822509765625
250,10.0,True,bytetrack+paper_center,0.8329062461853027,19,79826.2265625,True,1174.57177734375,434.47216796875,0.0806884765625,0.30096435546875
251,10.04,True,bytetrack+paper_center,0.8215786218643188,2,79425.8046875,True,999.8502197265625,434.4108581542969,0.00140380859375,-0.015838623046875
251,10.04,True,bytetrack+paper_center,0.8318892121315002,19,79825.9140625,True,1174.57177734375,434.47216796875,0.0,0.0
252,10.08,True,bytetrack+paper_center,0.8205869793891907,2,79855.109375,True,999.9349365234375,434.439697265625,0.084716796875,0.028839111328125
252,10.08,True,bytetrack+paper_center,0.8306543231010437,19,85311.203125,True,1174.5689697265625,434.5123596191406,-0.0028076171875,0.040191650390625
253,10.12,True,bytetrack+paper_center,0.8197359442710876,2,79855.109375,True,999.9349365234375,434.439697265625,0.0,0.0
253,10.12,True,bytetrack+paper_center,0.8254824280738831,19,85311.203125,True,1174.5689697265625,434.5123596191406,0.0,0.0
254,10.16,True,bytetrack+paper_center,0.8203204870223999,2,79855.109375,True,999.9349365234375,434.439697265625,0.0,0.0
254,10.16,True,bytetrack+paper_center,0.8284746408462524,19,85311.203125,True,1174.5689697265625,434.5123596191406,0.0,0.0
255,10.2,True,bytetrack+paper_center,0.8227493166923523,2,79855.109375,True,999.9349365234375,434.439697265625,0.0,0.0
255,10.2,True,bytetrack+paper_center,0.8254321813583374,19,85311.203125,True,1174.5689697265625,434.5123596191406,0.0,0.0
256,10.24,True,bytetrack+paper_center,0.8195384740829468,2,79855.109375,True,999.9349365234375,434.439697265625,0.0,0.0
256,10.24,True,bytetrack+paper_center,0.8242046236991882,19,85311.203125,True,1174.5689697265625,434.5123596191406,0.0,0.0
257,10.28,True,bytetrack+paper_center,0.8208563923835754,2,79855.109375,True,999.9349365234375,434.439697265625,0.0,0.0
257,10.28,True,bytetrack+paper_center,0.8268909454345703,19,85311.203125,True,1174.5689697265625,434.5123596191406,0.0,0.0
258,10.32,True,bytetrack+paper_center,0.8201877474784851,2,79855.109375,True,999.9349365234375,434.439697265625,0.0,0.0
258,10.32,True,bytetrack+paper_center,0.8245857954025269,19,85311.203125,True,1174.5689697265625,434.5123596191406,0.0,0.0
259,10.36,True,bytetrack+paper_center,0.8180017471313477,2,79855.109375,True,999.9349365234375,434.439697265625,0.0,0.0
259,10.36,True,bytetrack+paper_center,0.8171669244766235,19,85311.203125,True,1174.5689697265625,434.5123596191406,0.0,0.0
260,10.4,True,bytetrack+paper_center,0.8142492771148682,2,79855.109375,True,999.9349365234375,434.439697265625,0.0,0.0
260,10.4,True,bytetrack+paper_center,0.8194473385810852,19,85311.203125,True,1174.5689697265625,434.5123596191406,0.0,0.0
261,10.44,True,bytetrack+paper_center,0.8141435384750366,2,88075.859375,True,999.8673706054688,434.43060302734375,-0.06756591796875,-0.00909423828125
261,10.44,True,bytetrack+paper_center,0.8207156658172607,19,85205.46875,True,1174.5474853515625,434.6048278808594,-0.021484375,0.09246826171875
262,10.48,True,bytetrack+paper_center,0.8122280240058899,2,88075.859375,True,999.8673706054688,434.43060302734375,0.0,0.0
262,10.48,True,bytetrack+paper_center,0.8193623423576355,19,85205.46875,True,1174.5474853515625,434.6048278808594,0.0,0.0
263,10.52,True,bytetrack+paper_center,0.8047648668289185,2,87060.796875,True,999.85791015625,434.44244384765625,-0.00946044921875,0.0118408203125
263,10.52,True,bytetrack+paper_center,0.8120129704475403,19,85205.46875,True,1174.5474853515625,434.6048278808594,0.0,0.0
264,10.56,True,bytetrack+paper_center,0.7848986387252808,2,87128.2578125,True,999.8590698242188,434.4273986816406,0.00115966796875,-0.015045166015625
264,10.56,True,bytetrack+paper_center,0.811591625213623,19,83345.921875,True,1174.5762939453125,434.6130065917969,0.02880859375,0.0081787109375
265,10.6,True,bytetrack+paper_center,0.7817886471748352,2,87128.2578125,True,999.8590698242188,434.4273986816406,0.0,0.0
265,10.6,True,bytetrack+paper_center,0.8109520673751831,19,83345.921875,True,1174.5762939453125,434.6130065917969,0.0,0.0
266,10.64,True,bytetrack+paper_center,0.7823421955108643,2,87128.2578125,True,999.8590698242188,434.4273986816406,0.0,0.0
266,10.64,True,bytetrack+paper_center,0.8098975419998169,19,83345.921875,True,1174.5762939453125,434.6130065917969,0.0,0.0
267,10.68,True,bytetrack+paper_center,0.782865583896637,2,86850.8359375,True,999.83056640625,434.40899658203125,-0.02850341796875,-0.018402099609375
267,10.68,True,bytetrack+paper_center,0.8132384419441223,19,83345.921875,True,1174.5762939453125,434.6130065917969,0.0,0.0
268,10.72,True,bytetrack+paper_center,0.7789337038993835,2,86850.8359375,True,999.83056640625,434.40899658203125,0.0,0.0
268,10.72,True,bytetrack+paper_center,0.8122779726982117,19,83345.921875,True,1174.5762939453125,434.6130065917969,0.0,0.0
269,10.76,True,bytetrack+paper_center,0.7806827425956726,2,89620.1953125,True,999.8225708007812,434.4341125488281,-0.00799560546875,0.025115966796875
269,10.76,True,bytetrack+paper_center,0.8145666122436523,19,84205.0234375,True,1174.5972900390625,434.60247802734375,0.02099609375,-0.010528564453125
270,10.8,True,bytetrack+paper_center,0.7786925435066223,2,89620.1953125,True,999.8225708007812,434.4341125488281,0.0,0.0
270,10.8,True,bytetrack+paper_center,0.8105629682540894,19,84190.7578125,True,1174.5972900390625,434.60247802734375,0.0,0.0
271,10.84,True,bytetrack+paper_center,0.7760658860206604,2,87233.9609375,True,999.8578491210938,434.45916748046875,0.0352783203125,0.025054931640625
271,10.84,True,bytetrack+paper_center,0.8117708563804626,19,84190.7578125,True,1174.5972900390625,434.60247802734375,0.0,0.0
272,10.88,True,bytetrack+paper_center,0.7826456427574158,2,86669.625,True,999.8433837890625,434.43707275390625,-0.01446533203125,-0.0220947265625
272,10.88,True,bytetrack+paper_center,0.8149468898773193,19,86475.9609375,True,1174.5802001953125,434.54107666015625,-0.01708984375,-0.0614013671875
273,10.92,True,bytetrack+paper_center,0.782302975654602,2,86666.375,True,999.8433837890625,434.43707275390625,0.0,0.0
273,10.92,True,bytetrack+paper_center,0.8217570781707764,19,86475.9609375,True,1174.5802001953125,434.54107666015625,0.0,0.0
274,10.96,True,bytetrack+paper_center,0.7837553024291992,2,86666.375,True,999.8433837890625,434.43707275390625,0.0,0.0
274,10.96,True,bytetrack+paper_center,0.822717010974884,19,86508.4453125,True,1174.5802001953125,434.54107666015625,0.0,0.0
275,11.0,True,bytetrack+paper_center,0.7772666811943054,2,84664.609375,True,999.8861083984375,434.3465881347656,0.042724609375,-0.090484619140625
275,11.0,True,bytetrack+paper_center,0.802115261554718,19,93208.6328125,True,1174.527587890625,434.55792236328125,-0.0526123046875,0.016845703125
276,11.04,True,bytetrack+paper_center,0.781276524066925,2,81088.1875,True,999.9669189453125,434.30780029296875,0.080810546875,-0.038787841796875
276,11.04,True,bytetrack+paper_center,0.7955653667449951,19,96395.859375,True,1174.4755859375,434.5469055175781,-0.052001953125,-0.011016845703125
277,11.08,True,bytetrack+paper_center,0.7800050377845764,2,81088.1875,True,999.9669189453125,434.30780029296875,0.0,0.0
277,11.08,True,bytetrack+paper_center,0.7979663610458374,19,96395.859375,True,1174.4755859375,434.5469055175781,0.0,0.0
278,11.12,True,bytetrack+paper_center,0.7797969579696655,2,81088.1875,True,999.9669189453125,434.30780029296875,0.0,0.0
278,11.12,True,bytetrack+paper_center,0.7962321043014526,19,96395.859375,True,1174.4755859375,434.5469055175781,0.0,0.0
279,11.16,True,bytetrack+paper_center,0.7814440131187439,2,81088.1875,True,999.9669189453125,434.30780029296875,0.0,0.0
279,11.16,True,bytetrack+paper_center,0.795996367931366,19,96395.859375,True,1174.4755859375,434.5469055175781,0.0,0.0
280,11.2,True,bytetrack+paper_center,0.7789908647537231,2,81137.125,True,999.9593505859375,434.3108215332031,-0.007568359375,0.003021240234375
280,11.2,True,bytetrack+paper_center,0.7979910969734192,19,96413.640625,True,1174.4754638671875,434.54681396484375,-0.0001220703125,-9.1552734375e-05
281,11.24,True,bytetrack+paper_center,0.780250072479248,2,80373.1171875,True,999.9556884765625,434.3196716308594,-0.003662109375,0.00885009765625
281,11.24,True,bytetrack+paper_center,0.7973877191543579,19,96413.640625,True,1174.4754638671875,434.54681396484375,0.0,0.0
282,11.28,True,bytetrack+paper_center,0.7770047187805176,2,80373.1171875,True,999.9556884765625,434.3196716308594,0.0,0.0
282,11.28,True,bytetrack+paper_center,0.7975494265556335,19,96413.640625,True,1174.4754638671875,434.54681396484375,0.0,0.0
283,11.32,True,bytetrack+paper_center,0.7761427760124207,2,80373.1171875,True,999.9556884765625,434.3196716308594,0.0,0.0
283,11.32,True,bytetrack+paper_center,0.799201250076294,19,96413.640625,True,1174.4754638671875,434.54681396484375,0.0,0.0
284,11.36,True,bytetrack+paper_center,0.7745261192321777,2,80373.1171875,True,999.9556884765625,434.3196716308594,0.0,0.0
284,11.36,True,bytetrack+paper_center,0.7978438138961792,19,96413.640625,True,1174.4754638671875,434.54681396484375,0.0,0.0
285,11.4,True,bytetrack+paper_center,0.7778779864311218,2,80373.1171875,True,999.9556884765625,434.3196716308594,0.0,0.0
285,11.4,True,bytetrack+paper_center,0.7992901802062988,19,96413.640625,True,1174.4754638671875,434.54681396484375,0.0,0.0
286,11.44,True,bytetrack+paper_center,0.7790668606758118,2,80373.1171875,True,999.9556884765625,434.3196716308594,0.0,0.0
286,11.44,True,bytetrack+paper_center,0.8021697402000427,19,96564.984375,True,1174.4822998046875,434.5482482910156,0.0068359375,0.001434326171875
287,11.48,True,bytetrack+paper_center,0.7792816758155823,2,80373.1171875,True,999.9556884765625,434.3196716308594,0.0,0.0
287,11.48,True,bytetrack+paper_center,0.8029780387878418,19,96564.984375,True,1174.4822998046875,434.5482482910156,0.0,0.0
288,11.52,True,bytetrack+paper_center,0.7764935493469238,2,82279.0625,True,1000.0405883789062,434.3367004394531,0.08489990234375,0.01702880859375
288,11.52,True,bytetrack+paper_center,0.810484766960144,19,97397.4140625,True,1174.4827880859375,434.56158447265625,0.00048828125,0.013336181640625
289,11.56,True,bytetrack+paper_center,0.7760504484176636,2,82279.0625,True,1000.0405883789062,434.3367004394531,0.0,0.0
289,11.56,True,bytetrack+paper_center,0.808768093585968,19,97397.4140625,True,1174.4827880859375,434.56158447265625,0.0,0.0
290,11.6,True,bytetrack+paper_center,0.7775344848632812,2,82279.0625,True,1000.0405883789062,434.3367004394531,0.0,0.0
290,11.6,True,bytetrack+paper_center,0.8107316493988037,19,97397.4140625,True,1174.4827880859375,434.56158447265625,0.0,0.0
291,11.64,True,bytetrack+paper_center,0.7776588797569275,2,82279.0625,True,1000.0405883789062,434.3367004394531,0.0,0.0
291,11.64,True,bytetrack+paper_center,0.8101991415023804,19,97397.4140625,True,1174.4827880859375,434.56158447265625,0.0,0.0
292,11.68,True,bytetrack+paper_center,0.7778075933456421,2,82279.0625,True,1000.0405883789062,434.3367004394531,0.0,0.0
292,11.68,True,bytetrack+paper_center,0.810515820980072,19,97397.4140625,True,1174.4827880859375,434.56158447265625,0.0,0.0
293,11.72,True,bytetrack+paper_center,0.7809032797813416,2,82279.0625,True,1000.0405883789062,434.3367004394531,0.0,0.0
293,11.72,True,bytetrack+paper_center,0.8159059286117554,19,97397.4140625,True,1174.4827880859375,434.56158447265625,0.0,0.0
294,11.76,True,bytetrack+paper_center,0.7780967354774475,2,82228.34375,True,1000.0465087890625,434.3077087402344,0.00592041015625,-0.02899169921875
294,11.76,True,bytetrack+paper_center,0.8137350082397461,19,97397.4140625,True,1174.4827880859375,434.56158447265625,0.0,0.0
295,11.8,True,bytetrack+paper_center,0.7788494229316711,2,82228.34375,True,1000.0465087890625,434.3077087402344,0.0,0.0
295,11.8,True,bytetrack+paper_center,0.8161233067512512,19,97397.4140625,True,1174.4827880859375,434.56158447265625,0.0,0.0
296,11.84,True,bytetrack+paper_center,0.7771698832511902,2,82176.390625,True,1000.0982666015625,434.3131103515625,0.0517578125,0.005401611328125
296,11.84,True,bytetrack+paper_center,0.8148720860481262,19,96615.09375,True,1174.4908447265625,434.54443359375,0.008056640625,-0.01715087890625
