frame,track_id,cx_px,cy_px,dx_px,dy_px,dx_mm,dy_mm,continuous,t_sec
0,1,1039.90,491.27,nan,nan,0.00000,0.00000,1,1.954
0,2,995.64,490.11,nan,nan,0.00000,0.00000,1,1.954
1,1,1039.73,491.07,-0.1726,-0.1992,-0.49714,-0.57379,1,2.076
1,2,995.66,490.34,0.0148,0.2350,0.04362,0.69113,1,2.076
2,1,1039.75,491.04,0.0233,-0.0351,-0.42999,-0.67496,1,2.104
2,2,995.72,490.37,0.0651,0.0312,0.23516,0.78287,1,2.104
3,1,1039.75,490.93,0.0000,-0.1007,-0.42999,-0.96492,1,2.125
3,2,995.68,490.33,-0.0461,-0.0441,0.09963,0.65308,1,2.125
4,1,1039.81,490.84,0.0598,-0.0956,-0.25771,-1.24013,1,2.148
4,2,995.65,490.30,-0.0221,-0.0298,0.03465,0.56529,1,2.148
5,1,1039.87,490.95,0.0569,0.1091,-0.09387,-0.92599,1,2.170
5,2,995.57,490.18,-0.0872,-0.1165,-0.22170,0.22260,1,2.170
6,1,1039.92,491.04,0.0510,0.0934,0.05309,-0.65694,1,2.193
6,2,995.60,490.26,0.0329,0.0744,-0.12494,0.44134,1,2.193
7,1,1039.85,490.94,-0.0698,-0.0977,-0.14802,-0.93847,1,2.217
7,2,995.60,490.30,0.0019,0.0423,-0.11938,0.56583,1,2.217
8,1,1039.86,490.96,0.0078,0.0162,-0.12552,-0.89171,1,2.238
8,2,995.62,490.31,0.0215,0.0078,-0.05619,0.58872,1,2.238
9,1,1039.84,490.96,-0.0162,-0.0032,-0.17228,-0.90102,1,2.258
9,2,995.65,490.31,0.0302,0.0063,0.03267,0.60721,1,2.258
10,1,1039.85,490.94,0.0050,-0.0136,-0.15786,-0.94031,1,2.282
10,2,995.65,490.33,-0.0060,0.0179,0.01490,0.65981,1,2.282
11,1,1039.83,490.94,-0.0125,-0.0036,-0.19372,-0.95060,1,2.303
11,2,995.65,490.34,0.0010,0.0088,0.01795,0.68575,1,2.303
12,1,1039.85,490.88,0.0178,-0.0553,-0.14239,-1.10978,1,2.325
12,2,995.66,490.34,0.0090,-0.0007,0.04452,0.68377,1,2.325
13,1,1039.92,490.89,0.0665,0.0032,0.04922,-1.10064,1,2.349
13,2,995.65,490.28,-0.0117,-0.0597,0.01023,0.50812,1,2.349
14,1,1039.93,490.91,0.0121,0.0189,0.08403,-1.04614,1,2.371
14,2,995.67,490.30,0.0268,0.0199,0.08904,0.56655,1,2.371
15,1,1039.93,490.91,0.0000,0.0000,0.08403,-1.04614,1,2.392
15,2,995.67,490.30,0.0000,0.0000,0.08904,0.56655,1,2.392
16,1,1040.00,490.93,0.0674,0.0255,0.27810,-0.97284,1,2.415
16,2,995.67,490.30,-0.0040,0.0006,0.07719,0.56835,1,2.415
17,1,1039.88,490.87,-0.1191,-0.0586,-0.06504,-1.14160,1,2.438
17,2,995.65,490.34,-0.0186,0.0388,0.02262,0.68243,1,2.438
18,1,1039.88,490.87,0.0000,0.0000,-0.06504,-1.14160,1,2.460
18,2,995.64,490.34,-0.0046,0.0030,0.00916,0.69113,1,2.460
19,1,1039.89,490.88,0.0134,0.0080,-0.02637,-1.11857,1,2.482
19,2,995.66,490.35,0.0199,0.0131,0.06768,0.72973,1,2.482
20,1,1039.89,490.88,0.0001,0.0001,-0.02602,-1.11839,1,2.503
20,2,995.66,490.35,0.0000,0.0000,0.06768,0.72973,1,2.503
21,1,1039.93,490.93,0.0413,0.0452,0.09282,-0.98813,1,2.525
21,2,995.64,490.35,-0.0212,-0.0049,0.00539,0.71519,1,2.525
22,1,1039.93,490.93,0.0000,0.0000,0.09282,-0.98813,1,2.550
22,2,995.63,490.35,-0.0134,-0.0032,-0.03411,0.70567,1,2.550
23,1,1039.93,490.90,-0.0037,-0.0221,0.08227,-1.05185,1,2.571
23,2,995.64,490.34,0.0053,-0.0088,-0.01849,0.67973,1,2.571
24,1,1039.93,490.90,0.0000,0.0000,0.08227,-1.05185,1,2.593
24,2,995.64,490.34,0.0000,0.0000,-0.01849,0.67973,1,2.593
25,1,1039.93,490.88,-0.0046,-0.0250,0.06891,-1.12375,1,2.616
25,2,995.67,490.26,0.0303,-0.0804,0.07055,0.44313,1,2.616
26,1,1039.91,490.86,-0.0188,-0.0154,0.01477,-1.16823,1,2.639
26,2,995.66,490.27,-0.0045,0.0172,0.05744,0.49358,1,2.639
27,1,1039.91,490.86,0.0000,0.0000,0.01477,-1.16823,1,2.661
27,2,995.66,490.27,0.0026,-0.0016,0.06516,0.48900,1,2.661
28,1,1039.88,490.86,-0.0248,-0.0065,-0.05661,-1.18704,1,2.684
28,2,995.65,490.29,-0.0159,0.0168,0.01849,0.53837,1,2.684
29,1,1039.90,490.95,0.0203,0.0934,0.00176,-0.91816,1,2.705
29,2,995.61,490.35,-0.0330,0.0590,-0.07863,0.71196,1,2.705
30,1,1039.90,490.92,0.0004,-0.0326,0.00281,-1.01213,1,2.729
30,2,995.62,490.35,0.0018,0.0006,-0.07324,0.71366,1,2.729
31,1,1039.94,490.93,0.0349,0.0126,0.10337,-0.97591,1,2.751
31,2,995.63,490.33,0.0142,-0.0145,-0.03142,0.67112,1,2.751
32,1,1039.94,490.93,0.0007,0.0002,0.10548,-0.97547,1,2.772
32,2,995.63,490.33,0.0000,0.0000,-0.03142,0.67112,1,2.772
33,1,1039.99,490.98,0.0507,0.0484,0.25138,-0.83607,1,2.794
33,2,995.62,490.29,-0.0123,-0.0482,-0.06750,0.52930,1,2.794
34,1,1039.99,490.98,0.0000,0.0000,0.25138,-0.83607,1,2.818
34,2,995.62,490.29,0.0060,0.0047,-0.04973,0.54321,1,2.818
35,1,1040.00,490.98,0.0115,0.0019,0.28443,-0.83053,1,2.840
35,2,995.61,490.29,-0.0100,0.0027,-0.07917,0.55120,1,2.840
36,1,1040.00,490.98,0.0000,0.0000,0.28443,-0.83053,1,2.862
36,2,995.61,490.30,-0.0026,0.0067,-0.08689,0.57086,1,2.862
37,1,1039.86,490.84,-0.1396,-0.1365,-0.11778,-1.22360,1,2.885
37,2,995.65,490.35,0.0332,0.0489,0.01077,0.71465,1,2.885
38,1,1039.87,490.86,0.0114,0.0105,-0.08508,-1.19346,1,2.907
38,2,995.64,490.36,-0.0073,0.0084,-0.01077,0.73933,1,2.907
39,1,1039.86,490.87,-0.0101,0.0187,-0.11427,-1.13957,1,2.932
39,2,995.63,490.35,-0.0092,-0.0063,-0.03770,0.72084,1,2.932
40,1,1039.86,490.88,-0.0022,0.0055,-0.12059,-1.12375,1,2.956
40,2,995.63,490.35,0.0000,0.0000,-0.03770,0.72084,1,2.956
41,1,1039.92,490.87,0.0591,-0.0054,0.04957,-1.13922,1,2.979
41,2,995.64,490.29,0.0131,-0.0625,0.00072,0.53711,1,2.979
42,1,1039.94,490.92,0.0225,0.0507,0.11427,-0.99323,1,3.000
42,2,995.65,490.29,0.0048,0.0010,0.01490,0.54007,1,3.000
43,1,1039.94,490.92,-0.0001,-0.0001,0.11391,-0.99349,1,3.022
43,2,995.64,490.30,-0.0101,0.0132,-0.01490,0.57876,1,3.022
44,1,1039.94,490.93,0.0009,0.0019,0.11637,-0.98795,1,3.044
44,2,995.64,490.31,0.0057,0.0031,0.00180,0.58773,1,3.044
45,1,1039.95,490.92,0.0099,-0.0073,0.14485,-1.00887,1,3.067
45,2,995.63,490.26,-0.0089,-0.0476,-0.02441,0.44771,1,3.067
46,1,1039.95,490.90,-0.0048,-0.0211,0.13114,-1.06952,1,3.090
46,2,995.64,490.32,0.0021,0.0607,-0.01831,0.62615,1,3.090
47,1,1039.95,490.88,0.0000,-0.0134,0.13114,-1.10802,1,3.112
47,2,995.63,490.31,-0.0015,-0.0073,-0.02262,0.60479,1,3.112
48,1,1039.95,490.88,0.0000,0.0000,0.13114,-1.10802,1,3.134
48,2,995.63,490.31,0.0000,0.0000,-0.02262,0.60479,1,3.134
49,1,1039.94,491.02,-0.0094,0.1302,0.10407,-0.73305,1,3.156
49,2,995.65,490.34,0.0126,0.0299,0.01436,0.69275,1,3.156
50,1,1039.94,491.00,0.0016,-0.0141,0.10864,-0.77366,1,3.180
50,2,995.62,490.34,-0.0228,-0.0040,-0.05260,0.68090,1,3.180
51,1,1039.97,490.96,0.0293,-0.0445,0.19302,-0.90182,1,3.204
51,2,995.63,490.33,0.0025,-0.0020,-0.04524,0.67489,1,3.204
52,1,1039.97,490.96,0.0000,0.0000,0.19302,-0.90182,1,3.226
52,2,995.62,490.34,-0.0030,0.0013,-0.05403,0.67857,1,3.226
53,1,1039.86,490.85,-0.1074,-0.1031,-0.11637,-1.19864,1,3.249
53,2,995.65,490.30,0.0219,-0.0379,0.01041,0.56700,1,3.249
54,1,1039.85,490.86,-0.0077,0.0051,-0.13852,-1.18405,1,3.271
54,2,995.65,490.32,0.0026,0.0211,0.01813,0.62902,1,3.271
55,1,1039.85,490.86,0.0000,0.0000,-0.13852,-1.18405,1,3.293
55,2,995.65,490.32,0.0017,0.0005,0.02316,0.63055,1,3.293
56,1,1039.86,490.88,0.0103,0.0218,-0.10899,-1.12129,1,3.315
56,2,995.65,490.31,0.0015,-0.0048,0.02765,0.61637,1,3.315
57,1,1039.90,490.97,0.0327,0.0856,-0.01477,-0.87483,1,3.338
57,2,995.65,490.28,-0.0037,-0.0343,0.01687,0.51548,1,3.338
58,1,1039.91,490.95,0.0153,-0.0152,0.02918,-0.91852,1,3.361
58,2,995.65,490.28,0.0005,0.0015,0.01849,0.51997,1,3.361
59,1,1039.89,490.95,-0.0259,-0.0044,-0.04535,-0.93126,1,3.382
59,2,995.65,490.30,0.0045,0.0196,0.03177,0.57768,1,3.382
60,1,1039.89,490.95,0.0000,0.0000,-0.04535,-0.93126,1,3.402
60,2,995.67,490.30,0.0132,0.0012,0.07073,0.58118,1,3.402
61,1,1039.86,490.87,-0.0216,-0.0809,-0.10759,-1.16436,1,3.424
61,2,995.62,490.31,-0.0438,0.0042,-0.05798,0.59348,1,3.424
62,1,1039.88,490.86,0.0161,-0.0017,-0.06118,-1.16928,1,3.449
62,2,995.62,490.30,0.0022,-0.0100,-0.05152,0.56413,1,3.449
63,1,1039.89,490.85,0.0074,-0.0100,-0.03973,-1.19820,1,3.472
63,2,995.62,490.30,0.0000,0.0000,-0.05152,0.56413,1,3.472
64,1,1039.89,490.85,0.0016,-0.0002,-0.03516,-1.19873,1,3.492
64,2,995.62,490.30,0.0004,0.0069,-0.05044,0.58450,1,3.492
65,1,1039.97,491.00,0.0818,0.1496,0.20040,-0.76786,1,3.516
65,2,995.62,490.32,-0.0047,0.0141,-0.06427,0.62606,1,3.516
66,1,1039.99,491.02,0.0150,0.0131,0.24365,-0.73024,1,3.538
66,2,995.62,490.32,0.0035,0.0021,-0.05385,0.63234,1,3.538
67,1,1039.98,490.99,-0.0072,-0.0211,0.22290,-0.79098,1,3.559
67,2,995.63,490.31,0.0056,-0.0067,-0.03734,0.61251,1,3.559
68,1,1039.97,490.96,-0.0118,-0.0331,0.18880,-0.88617,1,3.583
68,2,995.63,490.31,0.0026,0.0000,-0.02980,0.61260,1,3.583
69,1,1039.89,490.87,-0.0758,-0.0916,-0.02953,-1.15012,1,3.604
69,2,995.61,490.32,-0.0197,0.0053,-0.08778,0.62821,1,3.604
70,1,1039.89,490.86,-0.0024,-0.0057,-0.03656,-1.16656,1,3.629
70,2,995.62,490.32,0.0125,-0.0007,-0.05116,0.62624,1,3.629
71,1,1039.90,490.84,0.0084,-0.0239,-0.01231,-1.23547,1,3.651
71,2,995.61,490.31,-0.0135,-0.0100,-0.09083,0.59680,1,3.651
72,1,1039.89,490.86,-0.0077,0.0197,-0.03446,-1.17886,1,3.672
72,2,995.61,490.31,-0.0001,0.0048,-0.09119,0.61089,1,3.672
73,1,1039.90,490.93,0.0099,0.0669,-0.00598,-0.98611,1,3.694
73,2,995.60,490.33,-0.0062,0.0135,-0.10950,0.65074,1,3.694
74,1,1039.90,490.92,-0.0024,-0.0106,-0.01301,-1.01670,1,3.717
74,2,995.61,490.31,0.0031,-0.0135,-0.10035,0.61098,1,3.717
75,1,1039.89,490.92,-0.0084,0.0009,-0.03727,-1.01415,1,3.739
75,2,995.61,490.31,0.0021,-0.0077,-0.09407,0.58827,1,3.739
76,1,1039.90,490.91,0.0063,-0.0041,-0.01899,-1.02601,1,3.762
76,2,995.61,490.31,0.0000,0.0000,-0.09407,0.58827,1,3.762
77,1,1039.92,490.89,0.0240,-0.0277,0.05028,-1.10582,1,3.783
77,2,995.62,490.30,0.0124,-0.0065,-0.05762,0.56906,1,3.783
78,1,1039.92,490.89,-0.0039,0.0094,0.03903,-1.07884,1,3.805
78,2,995.62,490.30,-0.0026,0.0007,-0.06516,0.57113,1,3.805
79,1,1039.92,490.90,0.0007,0.0040,0.04114,-1.06741,1,3.828
79,2,995.62,490.29,-0.0012,-0.0065,-0.06875,0.55201,1,3.828
80,1,1039.91,490.88,-0.0095,-0.0161,0.01371,-1.11365,1,3.852
80,2,995.63,490.31,0.0108,0.0126,-0.03698,0.58899,1,3.852
81,1,1039.91,490.86,0.0031,-0.0253,0.02250,-1.18651,1,3.873
81,2,995.62,490.29,-0.0132,-0.0155,-0.07576,0.54330,1,3.873
82,1,1039.91,490.85,0.0005,-0.0052,0.02391,-1.20137,1,3.897
82,2,995.62,490.29,0.0011,0.0005,-0.07252,0.54492,1,3.897
83,1,1039.88,490.84,-0.0295,-0.0087,-0.06118,-1.22650,1,3.918
83,2,995.62,490.29,0.0026,-0.0029,-0.06498,0.53639,1,3.918
84,1,1039.87,490.83,-0.0127,-0.0091,-0.09774,-1.25261,1,3.942
84,2,995.62,490.29,0.0011,-0.0006,-0.06175,0.53451,1,3.942
85,1,1039.86,490.91,-0.0090,0.0741,-0.12376,-1.03920,1,3.969
85,2,995.65,490.33,0.0308,0.0400,0.02872,0.65218,1,3.969
86,1,1039.87,490.90,0.0105,-0.0133,-0.09352,-1.07743,1,4.008
86,2,995.65,490.33,-0.0037,0.0006,0.01777,0.65388,1,4.008
87,1,1039.87,490.90,0.0017,0.0031,-0.08860,-1.06855,1,4.073
87,2,995.65,490.33,0.0000,0.0000,0.01777,0.65388,1,4.073
88,1,1039.87,490.89,-0.0057,-0.0081,-0.10512,-1.09185,1,4.111
88,2,995.65,490.33,0.0000,0.0000,0.01777,0.65388,1,4.111
89,1,1039.91,490.89,0.0425,-0.0042,0.01723,-1.10389,1,4.153
89,2,995.67,490.29,0.0223,-0.0334,0.08347,0.55551,1,4.153
90,1,1039.90,490.88,-0.0051,-0.0028,0.00246,-1.11206,1,4.209
90,2,995.67,490.31,0.0032,0.0118,0.09299,0.59034,1,4.209
91,1,1039.91,490.90,0.0048,0.0156,0.01617,-1.06706,1,4.253
91,2,995.66,490.31,-0.0109,0.0025,0.06104,0.59779,1,4.253
92,1,1039.90,490.89,-0.0037,-0.0087,0.00563,-1.09211,1,4.311
92,2,995.66,490.31,0.0000,0.0000,0.06104,0.59779,1,4.311
93,1,1039.90,490.89,-0.0007,-0.0019,0.00352,-1.09765,1,4.371
93,2,995.67,490.32,0.0091,0.0151,0.08778,0.64213,1,4.371
94,1,1039.88,490.86,-0.0254,-0.0308,-0.06961,-1.18634,1,4.414
94,2,995.67,490.32,-0.0030,0.0006,0.07899,0.64383,1,4.414
95,1,1039.88,490.86,-0.0007,0.0035,-0.07172,-1.17623,1,4.473
95,2,995.67,490.32,0.0000,0.0000,0.07899,0.64383,1,4.473
96,1,1039.89,490.86,0.0118,0.0013,-0.03762,-1.17254,1,4.512
96,2,995.67,490.32,-0.0001,0.0002,0.07863,0.64455,1,4.512
97,1,1039.96,490.97,0.0730,0.1031,0.17263,-0.87553,1,4.551
97,2,995.68,490.35,0.0125,0.0275,0.11525,0.72542,1,4.551
98,1,1039.96,490.97,0.0000,0.0000,0.17263,-0.87553,1,4.614
98,2,995.69,490.36,0.0052,0.0118,0.13069,0.76007,1,4.614
99,1,1039.97,490.96,0.0034,-0.0099,0.18247,-0.90419,1,4.649
99,2,995.69,490.36,0.0000,0.0000,0.13069,0.76007,1,4.649
100,1,1039.93,490.94,-0.0309,-0.0176,0.09352,-0.95499,1,4.711
100,2,995.66,490.36,-0.0260,-0.0060,0.05421,0.74230,1,4.711
101,1,1040.03,491.00,0.0997,0.0665,0.38077,-0.76355,1,4.771
101,2,995.65,490.31,-0.0125,-0.0450,0.01741,0.60999,1,4.771
102,1,1040.03,490.98,-0.0045,-0.0294,0.36776,-0.84820,1,4.810
102,2,995.68,490.32,0.0309,0.0030,0.10843,0.61870,1,4.810
103,1,1040.03,490.95,0.0024,-0.0213,0.37479,-0.90964,1,4.873
103,2,995.67,490.31,-0.0035,-0.0030,0.09819,0.60990,1,4.873
104,1,1040.03,490.95,0.0000,-0.0001,0.37479,-0.90981,1,4.912
104,2,995.67,490.31,0.0000,0.0000,0.09819,0.60990,1,4.912
105,1,1039.87,490.83,-0.1595,-0.1216,-0.08473,-1.26008,1,4.952
105,2,995.66,490.32,-0.0105,0.0114,0.06732,0.64347,1,4.952
106,1,1039.87,490.82,-0.0015,-0.0089,-0.08895,-1.28557,1,5.013
106,2,995.65,490.32,-0.0146,-0.0087,0.02441,0.61798,1,5.013
107,1,1039.88,490.79,0.0068,-0.0320,-0.06926,-1.37769,1,5.054
107,2,995.64,490.29,-0.0105,-0.0227,-0.00646,0.55111,1,5.054
108,1,1039.88,490.79,0.0000,0.0000,-0.06926,-1.37769,1,5.113
108,2,995.64,490.29,0.0000,0.0000,-0.00646,0.55111,1,5.113
109,1,1039.93,490.91,0.0516,0.1163,0.07946,-1.04263,1,5.173
109,2,995.63,490.32,-0.0078,0.0323,-0.02926,0.64599,1,5.173
110,1,1039.95,490.90,0.0170,-0.0117,0.12833,-1.07638,1,5.211
110,2,995.63,490.33,0.0012,0.0010,-0.02567,0.64904,1,5.211
111,1,1039.95,490.90,0.0005,0.0010,0.12973,-1.07348,1,5.272
111,2,995.65,490.32,0.0161,-0.0023,0.02172,0.64213,1,5.272
112,1,1039.91,490.86,-0.0363,-0.0409,0.02531,-1.19117,1,5.309
112,2,995.65,490.32,0.0040,-0.0019,0.03357,0.63665,1,5.309
113,1,1039.95,490.91,0.0432,0.0555,0.14978,-1.03129,1,5.353
113,2,995.64,490.33,-0.0128,0.0040,-0.00413,0.64832,1,5.353
114,1,1039.95,490.88,-0.0018,-0.0285,0.14450,-1.11329,1,5.410
114,2,995.61,490.33,-0.0263,0.0052,-0.08150,0.66349,1,5.410
115,1,1039.94,490.90,-0.0131,0.0132,0.10688,-1.07532,1,5.453
115,2,995.61,490.33,0.0000,0.0000,-0.08150,0.66349,1,5.453
116,1,1039.94,490.90,0.0000,0.0000,0.10688,-1.07532,1,5.513
116,2,995.61,490.31,-0.0039,-0.0250,-0.09299,0.58998,1,5.513
117,1,1039.94,490.90,0.0026,0.0030,0.11427,-1.06680,1,5.572
117,2,995.62,490.32,0.0079,0.0104,-0.06965,0.62049,1,5.572
118,1,1039.94,490.91,0.0021,0.0075,0.12024,-1.04509,1,5.613
118,2,995.62,490.30,-0.0005,-0.0194,-0.07109,0.56341,1,5.613
119,1,1039.94,490.91,-0.0009,0.0008,0.11778,-1.04271,1,5.670
119,2,995.62,490.30,-0.0021,0.0027,-0.07737,0.57131,1,5.670
120,1,1039.94,490.91,0.0000,0.0000,0.11778,-1.04271,1,5.709
120,2,995.61,490.31,-0.0016,0.0110,-0.08204,0.60353,1,5.709
121,1,1039.95,490.95,0.0092,0.0385,0.14415,-0.93179,1,5.753
121,2,995.60,490.27,-0.0123,-0.0433,-0.11812,0.47607,1,5.753
122,1,1039.95,490.94,0.0022,-0.0077,0.15048,-0.95385,1,5.811
122,2,995.60,490.26,0.0031,-0.0059,-0.10897,0.45884,1,5.811
123,1,1039.96,490.92,0.0090,-0.0143,0.17650,-0.99516,1,5.852
123,2,995.60,490.26,-0.0027,-0.0027,-0.11686,0.45103,1,5.852
124,1,1039.97,490.93,0.0037,0.0013,0.18704,-0.99156,1,5.912
124,2,995.61,490.26,0.0038,-0.0007,-0.10573,0.44897,1,5.912
125,1,1040.00,490.92,0.0309,-0.0066,0.27599,-1.01054,1,5.974
125,2,995.62,490.31,0.0127,0.0519,-0.06840,0.60173,1,5.974
126,1,1040.00,490.91,0.0005,-0.0110,0.27740,-1.04210,1,6.011
126,2,995.62,490.32,0.0002,0.0052,-0.06786,0.61690,1,6.011
127,1,1040.03,490.95,0.0311,0.0385,0.36705,-0.93126,1,6.072
127,2,995.63,490.31,0.0133,-0.0078,-0.02872,0.59411,1,6.072
128,1,1040.03,490.94,0.0023,-0.0048,0.37373,-0.94497,1,6.110
128,2,995.63,490.31,-0.0007,0.0020,-0.03088,0.59994,1,6.110
129,1,1039.96,490.91,-0.0670,-0.0342,0.18071,-1.04350,1,6.174
129,2,995.70,490.32,0.0648,0.0141,0.15959,0.64141,1,6.174
130,1,1040.00,490.93,0.0349,0.0261,0.28127,-0.96844,1,6.211
130,2,995.68,490.32,-0.0195,-0.0073,0.10232,0.62005,1,6.211
131,1,1039.97,490.94,-0.0276,0.0045,0.20181,-0.95552,1,6.269
131,2,995.67,490.32,-0.0043,-0.0003,0.08976,0.61915,1,6.269
132,1,1039.95,490.94,-0.0256,0.0061,0.12798,-0.93785,1,6.310
132,2,995.68,490.31,0.0042,-0.0019,0.10196,0.61358,1,6.310
133,1,1039.89,490.90,-0.0541,-0.0474,-0.02778,-1.07427,1,6.369
133,2,995.69,490.32,0.0094,0.0019,0.12961,0.61906,1,6.369
134,1,1039.89,490.91,-0.0005,0.0108,-0.02918,-1.04306,1,6.411
134,2,995.67,490.32,-0.0159,0.0073,0.08276,0.64051,1,6.411
135,1,1039.87,490.89,-0.0182,-0.0130,-0.08157,-1.08042,1,6.474
135,2,995.66,490.32,-0.0076,-0.0062,0.06032,0.62220,1,6.474
136,1,1039.87,490.89,-0.0084,-0.0025,-0.10583,-1.08772,1,6.511
136,2,995.68,490.33,0.0189,0.0158,0.11597,0.66878,1,6.511
137,1,1039.97,490.86,0.1013,-0.0330,0.18599,-1.18264,1,6.554
137,2,995.65,490.34,-0.0333,0.0102,0.01813,0.69867,1,6.554
138,1,1039.97,490.86,0.0063,0.0034,0.20427,-1.17271,1,6.611
138,2,995.65,490.35,0.0010,0.0083,0.02100,0.72300,1,6.611
139,1,1039.97,490.86,-0.0001,0.0001,0.20392,-1.17236,1,6.652
139,2,995.65,490.35,0.0000,0.0000,0.02100,0.72300,1,6.652
140,1,1039.94,490.85,-0.0300,-0.0163,0.11743,-1.21938,1,6.711
140,2,995.65,490.35,0.0000,0.0000,0.02100,0.72300,1,6.711
141,1,1039.97,490.94,0.0237,0.0982,0.18564,-0.93662,1,6.774
141,2,995.73,490.31,0.0767,-0.0419,0.24665,0.59976,1,6.774
142,1,1039.97,490.94,0.0000,0.0001,0.18564,-0.93636,1,6.815
142,2,995.73,490.33,0.0012,0.0227,0.25006,0.66663,1,6.815
143,1,1039.97,490.94,0.0000,0.0000,0.18564,-0.93636,1,6.870
143,2,995.73,490.33,0.0000,0.0000,0.25006,0.66663,1,6.870
144,1,1039.99,490.99,0.0227,0.0442,0.25103,-0.80900,1,6.909
144,2,995.73,490.33,0.0000,0.0000,0.25006,0.66663,1,6.909
145,1,1039.91,490.92,-0.0790,-0.0677,0.02356,-1.00386,1,6.952
145,2,995.71,490.40,-0.0190,0.0654,0.19406,0.85898,1,6.952
146,1,1039.92,490.91,0.0115,-0.0121,0.05661,-1.03867,1,7.012
146,2,995.70,490.36,-0.0082,-0.0403,0.16982,0.74041,1,7.012
147,1,1039.92,490.89,0.0011,-0.0149,0.05977,-1.08156,1,7.051
147,2,995.70,490.36,-0.0004,0.0009,0.16874,0.74292,1,7.051
148,1,1039.92,490.89,0.0000,0.0001,0.05977,-1.08139,1,7.112
148,2,995.70,490.36,0.0000,0.0000,0.16874,0.74292,1,7.112
149,1,1039.95,490.89,0.0303,-0.0089,0.14696,-1.10688,1,7.170
149,2,995.68,490.26,-0.0147,-0.0950,0.12548,0.46351,1,7.170
150,1,1039.96,490.90,0.0059,0.0168,0.16384,-1.05845,1,7.212
150,2,995.68,490.26,-0.0001,-0.0027,0.12530,0.45543,1,7.212
151,1,1039.96,490.90,0.0000,0.0000,0.16384,-1.05845,1,7.271
151,2,995.73,490.32,0.0427,0.0598,0.25096,0.63118,1,7.271
152,1,1039.94,490.89,-0.0187,-0.0143,0.11005,-1.09949,1,7.313
152,2,995.73,490.33,0.0020,0.0062,0.25689,0.64940,1,7.313
153,1,1039.93,490.91,-0.0126,0.0267,0.07383,-1.02258,1,7.353
153,2,995.69,490.31,-0.0389,-0.0135,0.14236,0.60972,1,7.353
154,1,1039.93,490.90,-0.0021,-0.0157,0.06786,-1.06776,1,7.412
154,2,995.69,490.29,-0.0043,-0.0186,0.12979,0.55497,1,7.412
155,1,1039.96,490.88,0.0393,-0.0148,0.18107,-1.11031,1,7.450
155,2,995.69,490.30,0.0005,0.0021,0.13141,0.56125,1,7.450
156,1,1039.96,490.90,-0.0037,0.0180,0.17052,-1.05853,1,7.514
156,2,995.69,490.29,0.0029,-0.0047,0.14002,0.54752,1,7.514
157,1,1039.87,490.90,-0.0930,-0.0029,-0.09739,-1.06680,1,7.574
157,2,995.67,490.30,-0.0195,0.0069,0.08258,0.56772,1,7.574
158,1,1039.86,490.91,-0.0120,0.0104,-0.13184,-1.03674,1,7.610
158,2,995.68,490.28,0.0064,-0.0176,0.10143,0.51602,1,7.610
159,1,1039.86,490.91,0.0000,0.0000,-0.13184,-1.03674,1,7.671
159,2,995.67,490.28,-0.0045,-0.0026,0.08814,0.50848,1,7.671
160,1,1039.91,490.89,0.0537,-0.0222,0.02285,-1.10064,1,7.710
160,2,995.67,490.28,0.0000,0.0000,0.08814,0.50848,1,7.710
161,1,1039.93,490.85,0.0195,-0.0376,0.07911,-1.20893,1,7.753
161,2,995.68,490.29,0.0073,0.0142,0.10950,0.55030,1,7.753
162,1,1039.88,490.84,-0.0542,-0.0142,-0.07700,-1.24988,1,7.816
162,2,995.67,490.28,-0.0048,-0.0097,0.09532,0.52185,1,7.816
163,1,1039.87,490.84,-0.0038,0.0085,-0.08790,-1.22527,1,7.872
163,2,995.67,490.28,-0.0017,0.0014,0.09030,0.52589,1,7.872
164,1,1039.87,490.84,0.0000,0.0000,-0.08790,-1.22527,1,7.911
164,2,995.67,490.28,-0.0021,-0.0019,0.08401,0.52032,1,7.911
165,1,1039.95,490.96,0.0819,0.1125,0.14802,-0.90120,1,7.969
165,2,995.68,490.29,0.0071,0.0097,0.10484,0.54887,1,7.969
166,1,1039.98,490.99,0.0287,0.0303,0.23064,-0.81392,1,8.010
166,2,995.71,490.29,0.0371,0.0018,0.21398,0.55416,1,8.010
167,1,1039.97,490.94,-0.0161,-0.0451,0.18423,-0.94383,1,8.069
167,2,995.72,490.29,0.0020,-0.0016,0.21973,0.54950,1,8.069
168,1,1039.99,490.94,0.0201,-0.0020,0.24224,-0.94946,1,8.109
168,2,995.72,490.29,0.0000,0.0000,0.21973,0.54950,1,8.109
169,1,1039.94,490.90,-0.0421,-0.0390,0.12095,-1.06179,1,8.152
169,2,995.67,490.31,-0.0435,0.0168,0.09191,0.59895,1,8.152
170,1,1039.92,490.87,-0.0226,-0.0319,0.05590,-1.15373,1,8.211
170,2,995.68,490.31,0.0078,-0.0032,0.11489,0.58953,1,8.211
171,1,1039.92,490.87,0.0000,0.0000,0.05590,-1.15373,1,8.270
171,2,995.69,490.29,0.0084,-0.0178,0.13966,0.53729,1,8.270
172,1,1039.91,490.86,-0.0077,-0.0090,0.03375,-1.17957,1,8.314
172,2,995.69,490.29,0.0000,0.0000,0.13966,0.53729,1,8.314
173,1,1039.94,490.88,0.0251,0.0195,0.10618,-1.12349,1,8.373
173,2,995.74,490.27,0.0460,-0.0172,0.27502,0.48658,1,8.373
174,1,1039.95,490.91,0.0061,0.0353,0.12376,-1.02171,1,8.411
174,2,995.73,490.31,-0.0100,0.0384,0.24558,0.59958,1,8.411
175,1,1039.95,490.91,0.0000,0.0000,0.12376,-1.02171,1,8.471
175,2,995.71,490.30,-0.0128,-0.0091,0.20788,0.57292,1,8.471
176,1,1039.95,490.91,0.0000,0.0000,0.12376,-1.02171,1,8.510
176,2,995.69,490.29,-0.0212,-0.0145,0.14541,0.53029,1,8.510
177,1,1039.91,490.87,-0.0392,-0.0424,0.01090,-1.14379,1,8.554
177,2,995.72,490.30,0.0325,0.0138,0.24091,0.57086,1,8.554
178,1,1039.91,490.85,0.0024,-0.0201,0.01793,-1.20163,1,8.609
178,2,995.72,490.30,0.0008,0.0027,0.24324,0.57876,1,8.609
179,1,1039.92,490.86,0.0164,0.0093,0.06504,-1.17491,1,8.669
179,2,995.72,490.30,0.0000,0.0000,0.24324,0.57876,1,8.669
180,1,1039.92,490.86,0.0000,0.0000,0.06504,-1.17491,1,8.712
180,2,995.72,490.30,0.0000,0.0000,0.24324,0.57876,1,8.712
181,1,1039.87,490.79,-0.0566,-0.0700,-0.09809,-1.37654,1,8.773
181,2,995.71,490.31,-0.0095,0.0080,0.21542,0.60218,1,8.773
182,1,1039.88,490.83,0.0084,0.0384,-0.07383,-1.26606,1,8.813
182,2,995.72,490.31,0.0054,-0.0017,0.23140,0.59707,1,8.813
183,1,1039.89,490.82,0.0120,-0.0117,-0.03938,-1.29972,1,8.870
183,2,995.72,490.31,0.0000,0.0000,0.23140,0.59707,1,8.870
184,1,1039.89,490.82,0.0000,0.0000,-0.03938,-1.29972,1,8.909
184,2,995.72,490.31,0.0000,0.0000,0.23140,0.59707,1,8.909
185,1,1039.89,490.78,-0.0029,-0.0372,-0.04782,-1.40696,1,8.956
185,2,995.67,490.33,-0.0493,0.0238,0.08653,0.66708,1,8.956
186,1,1039.89,490.78,0.0006,-0.0009,-0.04606,-1.40959,1,9.011
186,2,995.66,490.34,-0.0081,0.0098,0.06283,0.69580,1,9.011
187,1,1039.89,490.80,0.0055,0.0159,-0.03024,-1.36371,1,9.072
187,2,995.66,490.33,0.0018,-0.0142,0.06822,0.65397,1,9.072
188,1,1039.91,490.82,0.0214,0.0241,0.03129,-1.29427,1,9.109
188,2,995.66,490.33,-0.0012,0.0013,0.06480,0.65774,1,9.109
189,1,1039.88,490.83,-0.0348,0.0145,-0.06891,-1.25252,1,9.173
189,2,995.64,490.29,-0.0203,-0.0354,0.00521,0.55362,1,9.173
190,1,1039.88,490.84,-0.0012,0.0004,-0.07243,-1.25138,1,9.211
190,2,995.64,490.29,0.0009,-0.0001,0.00772,0.55327,1,9.211
191,1,1039.88,490.83,0.0071,-0.0019,-0.05203,-1.25674,1,9.279
191,2,995.66,490.31,0.0115,0.0143,0.04165,0.59527,1,9.279
192,1,1039.88,490.83,0.0000,0.0002,-0.05203,-1.25613,1,9.311
192,2,995.65,490.31,-0.0012,0.0042,0.03806,0.60757,1,9.311
193,1,1039.91,490.82,0.0276,-0.0128,0.02742,-1.29295,1,9.352
193,2,995.67,490.35,0.0190,0.0410,0.09389,0.72829,1,9.352
194,1,1039.88,490.82,-0.0343,-0.0013,-0.07137,-1.29656,1,9.414
194,2,995.67,490.34,0.0001,-0.0103,0.09407,0.69813,1,9.414
195,1,1039.88,490.82,0.0000,0.0000,-0.07137,-1.29656,1,9.449
195,2,995.68,490.34,0.0037,-0.0020,0.10502,0.69212,1,9.449
196,1,1039.88,490.82,0.0000,0.0000,-0.07137,-1.29656,1,9.510
196,2,995.68,490.34,0.0000,0.0000,0.10502,0.69212,1,9.510
197,1,1039.96,490.81,0.0802,-0.0129,0.15962,-1.33383,1,9.574
197,2,995.68,490.33,0.0012,-0.0135,0.10861,0.65227,1,9.574
198,1,1039.94,490.82,-0.0143,0.0154,0.11848,-1.28961,1,9.610
198,2,995.68,490.33,-0.0026,0.0003,0.10089,0.65317,1,9.610
199,1,1039.94,490.83,0.0001,0.0037,0.11884,-1.27889,1,9.670
199,2,995.67,490.34,-0.0070,0.0117,0.08042,0.68763,1,9.670
200,1,1039.94,490.80,-0.0050,-0.0248,0.10442,-1.35044,1,9.709
200,2,995.67,490.33,0.0029,-0.0048,0.08886,0.67363,1,9.709
201,1,1039.93,490.87,-0.0078,0.0727,0.08192,-1.14116,1,9.752
201,2,995.70,490.34,0.0245,0.0028,0.16103,0.68198,1,9.752
202,1,1039.93,490.87,0.0020,-0.0078,0.08754,-1.16366,1,9.809
202,2,995.69,490.35,-0.0059,0.0162,0.14379,0.72955,1,9.809
203,1,1039.94,490.87,0.0092,0.0082,0.11391,-1.13993,1,9.869
203,2,995.69,490.35,0.0015,-0.0027,0.14810,0.72156,1,9.869
204,1,1039.94,490.88,-0.0046,0.0028,0.10055,-1.13193,1,9.912
204,2,995.69,490.35,0.0016,0.0007,0.15295,0.72354,1,9.912
205,1,1039.93,490.87,-0.0083,-0.0065,0.07665,-1.15074,1,9.972
205,2,995.69,490.33,-0.0027,-0.0194,0.14487,0.66636,1,9.972
206,1,1039.92,490.88,-0.0044,0.0136,0.06399,-1.11145,1,10.009
206,2,995.69,490.33,-0.0007,-0.0018,0.14271,0.66115,1,10.009
207,1,1039.93,490.88,0.0045,-0.0001,0.07700,-1.11162,1,10.073
207,2,995.69,490.33,0.0004,0.0023,0.14397,0.66780,1,10.073
208,1,1039.94,490.86,0.0073,-0.0259,0.09809,-1.18625,1,10.109
208,2,995.68,490.33,-0.0093,0.0001,0.11668,0.66807,1,10.109
209,1,1039.98,490.88,0.0396,0.0194,0.21201,-1.13026,1,10.169
209,2,995.67,490.34,-0.0118,0.0071,0.08186,0.68907,1,10.169
210,1,1039.95,490.84,-0.0244,-0.0386,0.14169,-1.24145,1,10.210
210,2,995.66,490.32,-0.0080,-0.0215,0.05834,0.62570,1,10.210
211,1,1039.95,490.84,-0.0054,0.0018,0.12622,-1.23635,1,10.269
211,2,995.67,490.31,0.0082,-0.0038,0.08258,0.61466,1,10.269
212,1,1039.97,490.86,0.0228,0.0192,0.19197,-1.18106,1,10.312
212,2,995.66,490.32,-0.0076,0.0093,0.06032,0.64195,1,10.312
213,1,1039.92,490.83,-0.0453,-0.0294,0.06153,-1.26579,1,10.374
213,2,995.64,490.30,-0.0245,-0.0214,-0.01185,0.57912,1,10.374
214,1,1039.93,490.82,0.0076,-0.0143,0.08333,-1.30684,1,10.410
214,2,995.63,490.30,-0.0094,-0.0031,-0.03949,0.57005,1,10.410
215,1,1039.95,490.85,0.0175,0.0377,0.13360,-1.19820,1,10.472
215,2,995.63,490.30,0.0000,0.0000,-0.03949,0.57005,1,10.472
216,1,1039.95,490.85,-0.0002,0.0001,0.13290,-1.19803,1,10.511
216,2,995.63,490.31,0.0028,0.0071,-0.03124,0.59087,1,10.511
217,1,1039.89,490.90,-0.0598,0.0491,-0.03938,-1.05651,1,10.552
217,2,995.65,490.25,0.0209,-0.0540,0.03016,0.43200,1,10.552
218,1,1039.88,490.88,-0.0040,-0.0262,-0.05098,-1.13184,1,10.610
218,2,995.64,490.26,-0.0161,0.0049,-0.01723,0.44627,1,10.610
219,1,1039.88,490.88,-0.0006,0.0024,-0.05274,-1.12498,1,10.671
219,2,995.65,490.27,0.0135,0.0150,0.02244,0.49035,1,10.671
220,1,1039.86,490.86,-0.0245,-0.0158,-0.12341,-1.17051,1,10.715
220,2,995.65,490.27,0.0000,0.0029,0.02244,0.49896,1,10.715
221,1,1039.99,490.99,0.1295,0.1240,0.24963,-0.81330,1,10.769
221,2,995.68,490.32,0.0281,0.0486,0.10520,0.64177,1,10.769
222,1,1040.00,490.97,0.0094,-0.0179,0.27670,-0.86490,1,10.809
222,2,995.67,490.31,-0.0082,-0.0159,0.08114,0.59509,1,10.809
223,1,1039.97,490.93,-0.0269,-0.0397,0.19935,-0.97925,1,10.870
223,2,995.67,490.31,-0.0013,0.0068,0.07719,0.61502,1,10.870
224,1,1039.97,490.93,0.0000,0.0000,0.19935,-0.97925,1,10.910
224,2,995.67,490.32,0.0044,0.0026,0.09012,0.62256,1,10.910
225,1,1039.98,490.93,0.0087,0.0038,0.22431,-0.96835,1,10.952
225,2,995.68,490.30,0.0102,-0.0172,0.12010,0.57203,1,10.952
226,1,1039.97,490.93,-0.0076,0.0013,0.20251,-0.96475,1,11.011
226,2,995.68,490.30,-0.0001,-0.0014,0.11992,0.56781,1,11.011
227,1,1039.97,490.93,0.0000,-0.0001,0.20251,-0.96501,1,11.073
227,2,995.68,490.30,0.0000,0.0000,0.11992,0.56781,1,11.073
228,1,1039.97,490.92,-0.0005,-0.0133,0.20111,-1.00342,1,11.109
228,2,995.68,490.30,0.0018,0.0005,0.12512,0.56933,1,11.109
229,1,1039.91,490.84,-0.0585,-0.0846,0.03270,-1.24716,1,11.175
229,2,995.67,490.30,-0.0150,0.0056,0.08096,0.58594,1,11.175
230,1,1039.92,490.82,0.0111,-0.0135,0.06469,-1.28601,1,11.212
230,2,995.67,490.30,0.0035,-0.0070,0.09137,0.56538,1,11.212
231,1,1039.94,490.84,0.0150,0.0151,0.10794,-1.24250,1,11.272
231,2,995.66,490.30,-0.0157,0.0040,0.04524,0.57705,1,11.272
232,1,1039.95,490.86,0.0081,0.0231,0.13114,-1.17605,1,11.310
232,2,995.65,490.30,-0.0114,0.0032,0.01167,0.58648,1,11.310
233,1,1039.90,490.84,-0.0452,-0.0225,0.00105,-1.24074,1,11.353
233,2,995.66,490.31,0.0130,0.0047,0.04991,0.60021,1,11.353
234,1,1039.90,490.84,0.0002,0.0013,0.00176,-1.23714,1,11.410
234,2,995.66,490.31,0.0037,-0.0028,0.06068,0.59186,1,11.410
235,1,1039.89,490.84,-0.0129,-0.0019,-0.03551,-1.24268,1,11.473
235,2,995.66,490.31,0.0000,0.0000,0.06068,0.59186,1,11.473
236,1,1039.90,490.85,0.0059,0.0085,-0.01863,-1.21807,1,11.512
236,2,995.66,490.31,0.0000,0.0000,0.06068,0.59186,1,11.512
237,1,1039.96,490.87,0.0637,0.0233,0.16489,-1.15100,1,11.573
237,2,995.66,490.29,-0.0047,-0.0185,0.04685,0.53756,1,11.573
238,1,1039.96,490.89,0.0052,0.0172,0.18001,-1.10134,1,11.612
238,2,995.66,490.30,0.0029,0.0133,0.05547,0.57669,1,11.612
239,1,1039.93,490.91,-0.0345,0.0210,0.08051,-1.04078,1,11.673
239,2,995.68,490.31,0.0165,0.0103,0.10394,0.60694,1,11.673
240,1,1039.93,490.90,-0.0039,-0.0094,0.06926,-1.06785,1,11.713
240,2,995.68,490.31,0.0000,0.0000,0.10394,0.60694,1,11.713
241,1,1039.98,490.89,0.0500,-0.0072,0.21341,-1.08851,1,11.751
241,2,995.69,490.36,0.0104,0.0474,0.13464,0.74624,1,11.751
242,1,1039.95,490.87,-0.0233,-0.0211,0.14626,-1.14924,1,11.811
242,2,995.70,490.36,0.0157,-0.0016,0.18077,0.74167,1,11.811
243,1,1039.95,490.87,0.0000,0.0000,0.14626,-1.14924,1,11.874
243,2,995.69,490.37,-0.0110,0.0141,0.14828,0.78313,1,11.874
244,1,1039.96,490.88,0.0117,0.0097,0.18001,-1.12129,1,11.911
244,2,995.69,490.37,-0.0023,0.0014,0.14146,0.78717,1,11.911
245,1,1039.98,490.89,0.0181,0.0060,0.23205,-1.10415,1,11.971
245,2,995.64,490.32,-0.0487,-0.0492,-0.00180,0.64257,1,11.971
246,1,1039.95,490.86,-0.0338,-0.0223,0.13466,-1.16832,1,12.012
246,2,995.64,490.32,0.0012,0.0001,0.00162,0.64293,1,12.012
247,1,1039.99,490.86,0.0437,-0.0068,0.26052,-1.18783,1,12.072
247,2,995.64,490.32,0.0000,0.0000,0.00162,0.64293,1,12.072
248,1,1039.99,490.85,-0.0037,-0.0056,0.24998,-1.20400,1,12.109
248,2,995.64,490.32,0.0007,-0.0005,0.00359,0.64150,1,12.109
