frame,time_s,pole_id,lr_deg,fb_deg,total_deg,delta_lr_deg,delta_fb_deg,delta_total_deg,dx_m,dy_m,horizontal_displacement_m,delta_dx_m,delta_dy_m,delta_horizontal_displacement_m,Pb_x,Pb_y,Pb_z,Pt_x,Pt_y,Pt_z,quality,status,ransac_inlier_ratio,centerline_residual_px,top_point_stability,bottom_point_stability,ray_ground_angle_deg,top_length_constraint_error_ratio,temporal_endpoint_spread_px
0,0.0,1,-3.1538297226931706,0.0,3.1538297226931706,0.0,0.0,0.0,-43.45459849039298,-788.6443492100113,43.45459849039298,0.0,0.0,0.0,nan,nan,nan,nan,nan,nan,0.6131837434549792,OK,0.7993273542600897,1.1730692989949223,0.32374993755838666,0.16092728543281826,nan,nan,nan
0,0.0,2,-2.5999324178835588,0.0,2.5999324178835588,0.0,0.0,0.0,-30.46817326237999,-670.9787409299211,30.46817326237999,0.0,0.0,0.0,nan,nan,nan,nan,nan,nan,0.8270979992426467,OK,0.9861687413554634,1.1279524209877554,0.703013841630744,0.7052039323162163,nan,nan,nan
0,0.0,3,-1.8778684675256438,0.0,1.8778684675256438,0.0,0.0,0.0,-20.031582103137225,-610.9661777978126,20.031582103137225,0.0,0.0,0.0,nan,nan,nan,nan,nan,nan,0.8595488978888897,OK,0.962536023054755,0.6912086348199099,0.568803241028901,0.9308368560563174,nan,nan,nan
0,0.0,4,-2.4776411468044404,0.0,2.4776411468044404,0.0,0.0,0.0,-24.209156639529965,-559.4909497984725,24.209156639529965,0.0,0.0,0.0,nan,nan,nan,nan,nan,nan,0.8628814486780191,OK,0.992,0.7114402336800276,0.6818117064310126,0.7749504250129283,nan,nan,nan
20,1.0,1,-3.028930501620308,0.0,3.028930501620308,0.01063349187714746,0.0,-0.01063349187714746,-41.838714808824335,-790.6910495902756,41.838714808824335,0.48008086293870633,-1.9708840880595062,0.0,nan,nan,nan,nan,nan,nan,0.6547460154768232,OK,0.8385650224215246,1.1072052401030241,0.43640835796383487,0.19799633390658114,nan,nan,nan
20,1.0,2,-2.598344356312861,0.0,2.598344356312861,-0.002343867815547296,0.0,0.002343867815547296,-30.42590502755172,-670.4579817092177,30.42590502755172,-0.06431502761449792,1.0029362929503804,0.0,nan,nan,nan,nan,nan,nan,0.8146426386254938,OK,0.9681440443213296,1.1365397307128007,0.7477673003338012,0.626884379107367,nan,nan,nan
20,1.0,3,-1.8286389478739795,0.0,1.8286389478739795,0.002583263706436134,0.0,-0.002583263706436134,-20.161999707923314,-631.5107912040223,20.161999707923314,0.07758925028201702,-1.0032986446256018,0.0,nan,nan,nan,nan,nan,nan,0.828192979894691,OK,0.9597122302158273,0.6839985605510059,0.5592709720032807,0.7378399934902403,nan,nan,nan
20,1.0,4,-2.5132672660065807,0.0,2.5132672660065807,-0.008786458094108052,0.0,0.008786458094108052,-24.162752195340886,-550.4928563269805,24.162752195340886,0.09484697601817516,9.996601916709778,0.0,nan,nan,nan,nan,nan,nan,0.8758442164556829,OK,1.0,0.6447762507807587,0.7083970662571969,0.7843963522794416,nan,nan,nan
40,2.0,1,-3.0503340177069904,0.0,3.0503340177069904,0.018016537987096654,0.0,-0.018016537987096654,-42.13396470921424,-790.6731288276249,42.13396470921424,0.44739495158250975,-1.9692225187407075,0.0,nan,nan,nan,nan,nan,nan,0.6523970610644843,OK,0.8329596412556054,1.0833384699580138,0.4380310763881791,0.18546999276052367,nan,nan,0.4164536139587884
40,2.0,2,-2.585413759465108,0.0,2.585413759465108,-0.0022580473603484863,0.0,0.0022580473603484863,-29.439924616741905,-651.980135364789,29.439924616741905,-0.07081966754833502,-1.0417956476587733,0.0,nan,nan,nan,nan,nan,nan,0.7620099239866993,OK,0.9751724137931035,1.136128670117647,0.505210450826849,0.505210450826849,nan,nan,2.7311208088232446
40,2.0,3,-1.8270180469932704,0.0,1.8270180469932704,0.005491403444239568,0.0,-0.005491403444239568,-20.175999779473386,-632.510335053857,20.175999779473386,0.11906078302638434,-1.0046463653377486,0.0,nan,nan,nan,nan,nan,nan,0.7922845604077591,OK,0.9597701149425287,0.6927062135350749,0.5321936986418305,0.5321936986418305,nan,nan,2.522991042862607
40,2.0,4,-2.5123680023947186,0.0,2.5123680023947186,-0.015598762767319668,0.0,0.015598762767319668,-24.154112255057385,-550.493237982864,24.154112255057385,0.08631215249909019,9.9969585813717,0.0,nan,nan,nan,nan,nan,nan,0.8660623588772803,OK,1.0,0.6449901570590679,0.7080513613659656,0.7204396492149461,nan,nan,1.311574517669241
60,3.0,1,-3.0486348629661935,0.0,3.0486348629661935,0.023745461621090515,0.0,-0.023745461621090515,-42.11052628087961,-790.6745595587588,42.11052628087961,0.45797346050741794,-1.969780522870451,0.0,nan,nan,nan,nan,nan,nan,0.6524755178932109,OK,0.8329596412556054,1.0836145909365218,0.437585476555795,0.1865417885759741,nan,nan,0.3782791999524914
60,3.0,2,-2.561400886970061,0.0,2.561400886970061,0.002335626783598492,0.0,-0.002335626783598492,-29.12003791122845,-650.9498954579076,29.12003791122845,0.18876365960034036,-0.008016608303933026,0.0,nan,nan,nan,nan,nan,nan,0.7596431953292215,OK,0.9820441988950276,1.1272576588134222,0.4870893530600097,0.4870893530600097,nan,nan,2.877230784880173
60,3.0,3,-1.8526040928970753,0.0,1.8526040928970753,0.0030088152855969955,0.0,-0.0030088152855969955,-20.345364401498387,-629.005001737017,20.345364401498387,0.034724780297779034,2.498455228992725,0.0,nan,nan,nan,nan,nan,nan,0.7894825258385516,OK,0.9553314121037464,0.6686199772814427,0.5232277309980053,0.5232277309980053,nan,nan,2.5909539102868457
60,3.0,4,-2.500613055365059,0.0,2.500613055365059,-0.019673547708368204,0.0,0.019673547708368204,-24.0838087761,-551.4745040997891,24.0838087761,0.08224149971408679,8.996901667360135,0.0,nan,nan,nan,nan,nan,nan,0.8712758450390572,OK,1.0,0.6205137297448976,0.7068079048269412,0.7451222561408424,nan,nan,1.1768278874535922
80,4.0,1,-3.048498225491076,0.0,3.048498225491076,0.027104764364425604,0.0,-0.027104764364425604,-42.10864147671555,-790.674674550568,42.10864147671555,0.4062308175944054,-1.9670244265953443,0.0,nan,nan,nan,nan,nan,nan,0.6555922302215639,OK,0.8352017937219731,1.0563575456736018,0.43962187997742863,0.18855395067521297,nan,nan,0.3474714219203945
80,4.0,2,-2.5694796598059364,0.0,2.5694796598059364,0.004226741159884648,0.0,-0.004226741159884648,-29.122243398249225,-648.949638240828,29.122243398249225,0.20624337274500704,1.9910826364500736,0.0,nan,nan,nan,nan,nan,nan,0.7561037294189432,OK,0.9764542936288089,1.1342583466282792,0.48380015822392636,0.48380015822392636,nan,nan,2.9043334150487308
80,4.0,3,-1.8465825485554168,0.0,1.8465825485554168,0.0028341426200474886,0.0,-0.0028341426200474886,-20.295361201514424,-629.5065975771297,20.295361201514424,0.07368482518722885,1.4971023263005918,0.0,nan,nan,nan,nan,nan,nan,0.7954539859594819,OK,0.9553956834532374,0.6631056056802933,0.5355510082937807,0.5476242454299777,nan,nan,2.408663642978089
80,4.0,4,-2.468717120164972,0.0,2.468717120164972,-0.010128034489805602,0.0,0.010128034489805602,-24.18656560290981,-560.9919564244328,24.18656560290981,0.1592943169797536,-0.5070594300545963,0.0,nan,nan,nan,nan,nan,nan,0.8505414179631816,OK,0.9872611464968153,0.6665627679023177,0.6533582397763031,0.7143371616611762,nan,nan,1.3456008515573499
100,5.0,1,-2.989798639585329,0.0,2.989798639585329,0.03672720535459233,0.0,-0.03672720535459233,-41.19470338865335,-788.7286845660934,41.19470338865335,0.905935193390178,0.00702052166593603,0.0,nan,nan,nan,nan,nan,nan,0.634828866668086,OK,0.8318385650224215,1.1592692593830147,0.32366805729849046,0.21685832589616977,nan,nan,0.41060710821978663
100,5.0,2,-2.5649931700756565,0.0,2.5649931700756565,0.0077185467811016276,0.0,-0.0077185467811016276,-29.162850163073358,-650.9927047187008,29.162850163073358,0.2130889722086522,-0.009158051186773264,0.0,nan,nan,nan,nan,nan,nan,0.7676884658983776,OK,0.9792817679558011,1.0339866830728246,0.49848523830790603,0.49848523830790603,nan,nan,2.78472520895818
100,5.0,3,-1.839705483477166,0.0,1.839705483477166,0.004229037033332224,0.0,-0.004229037033332224,-19.55996031248071,-608.9659541202515,19.55996031248071,0.1554345375811863,2.0104306061047055,0.0,nan,nan,nan,nan,nan,nan,0.7807123852910409,OK,0.9624277456647399,0.7190855124215605,0.4965381754394607,0.4965381754394607,nan,nan,2.800379637400342
100,5.0,4,-2.527730490545024,0.0,2.527730490545024,-0.019831993647197906,0.0,0.019831993647197906,-24.12255264692294,-546.4283710112355,24.12255264692294,0.14063558905604623,14.03901300720463,0.0,nan,nan,nan,nan,nan,nan,0.8386307397345472,OK,0.9898477157360406,0.6705664915781856,0.5931212708696869,0.6914600504642026,nan,nan,1.4757996073289925
120,6.0,1,-2.973490460390892,0.0,2.973490460390892,0.045652522130548434,0.0,-0.045652522130548434,-40.970279900412834,-788.7418245712861,40.970279900412834,1.0000197205889663,0.0023160675677900144,0.0,nan,nan,nan,nan,nan,nan,0.6452957200966732,OK,0.8419282511210763,1.0905265074578312,0.3317386534829827,0.22544336474332294,nan,nan,0.4406579753430903
120,6.0,2,-2.5346012951031307,0.0,2.5346012951031307,0.01553997608902497,0.0,-0.01553997608902497,-28.903937640715867,-652.9599862813232,28.903937640715867,0.3695262790030256,-1.9713663229308622,0.0,nan,nan,nan,nan,nan,nan,0.781731651305093,OK,1.0,0.9565083153152485,0.5030804095361711,0.5030804095361711,nan,nan,2.7480210469830686
120,6.0,3,-1.8464246408144322,0.0,1.8464246408144322,0.0033599983938330576,0.0,-0.0033599983938330576,-19.583583597571874,-607.4811868113495,19.583583597571874,0.13896716818408095,3.994995364898614,0.0,nan,nan,nan,nan,nan,nan,0.774511978901116,OK,0.959479015918958,0.6895209308505011,0.4733582793995865,0.4733582793995865,nan,nan,2.9916108619472777
120,6.0,4,-2.520578637435516,0.0,2.520578637435516,-0.02614683738612287,0.0,0.02614683738612287,-24.14415954832782,-548.4716435825054,24.14415954832782,0.08741775138162211,11.997073838931897,0.0,nan,nan,nan,nan,nan,nan,0.8467331023840605,OK,0.9932318104906938,0.6695693939116335,0.6311449178376537,0.6978774980264892,nan,nan,1.438846783529934
140,7.0,1,-2.9989592303525634,0.0,2.9989592303525634,0.050140187992858895,0.0,-0.050140187992858895,-42.602162362700795,-813.1803103709918,42.602162362700795,0.8785178892362921,0.0083542979170943,0.0,nan,nan,nan,nan,nan,nan,0.6260667780277422,OK,0.8325842696629213,1.151451108672313,0.3225385553373768,0.15538938479761857,nan,nan,2.480935783747933
140,7.0,2,-2.5668838223556034,0.0,2.5668838223556034,0.015379257286906357,0.0,-0.015379257286906357,-29.229072069889526,-651.9897305682499,29.229072069889526,0.129421048331551,-1.0054352005157625,0.0,nan,nan,nan,nan,nan,nan,0.7777118713950463,OK,0.9903448275862069,1.0317534784436813,0.5172009079019875,0.5172009079019875,nan,nan,2.637295506673465
140,7.0,3,-1.8318474444637323,0.0,1.8318474444637323,0.00457034612444546,0.0,-0.00457034612444546,-19.539834783842025,-610.9507519760418,19.539834783842025,0.12108403604861451,1.0273421324282026,0.0,nan,nan,nan,nan,nan,nan,0.7704678493981219,OK,0.9597122302158273,0.7646255922829278,0.4760628490912628,0.4760628490912628,nan,nan,2.9688215902427033
140,7.0,4,-2.5201653456381505,0.0,2.5201653456381505,-0.030331509096934703,0.0,0.030331509096934703,-24.140203459629447,-548.4718223596165,24.140203459629447,0.1084955328074102,11.99613788699503,0.0,nan,nan,nan,nan,nan,nan,0.850554324966261,OK,0.9949152542372881,0.6675677073451788,0.6434324527375223,0.7056556598883632,nan,nan,1.3945115773556853
160,8.0,1,-3.0516655474387457,0.0,3.0516655474387457,0.04908420926309008,0.0,-0.04908420926309008,-43.323289741471655,-812.6362365531304,43.323289741471655,0.6621004502211747,0.5193268656910277,0.0,nan,nan,nan,nan,nan,nan,0.6194324921784431,OK,0.8224719101123595,1.1323173025927993,0.3159591341483733,0.136083295777072,nan,nan,3.0415925946826126
160,8.0,2,-2.560407701295667,0.0,2.560407701295667,0.016345243713131362,0.0,-0.016345243713131362,-29.11075061846759,-650.9950475297051,29.11075061846759,0.2253798238419904,-0.009639682853730847,0.0,nan,nan,nan,nan,nan,nan,0.7832783778161155,OK,0.9917127071823204,1.0209327977879235,0.5316339753632613,0.5316339753632613,nan,nan,2.5272001706670024
160,8.0,3,-1.8320211845666305,0.0,1.8320211845666305,0.006876572783892826,0.0,-0.006876572783892826,-19.526732776182143,-610.4831520818718,19.526732776182143,0.1633387918926701,0.4940104483705454,0.0,nan,nan,nan,nan,nan,nan,0.7779341229633542,OK,0.963924963924964,0.6890129006052969,0.4789540437463049,0.4789540437463049,nan,nan,2.9446025129939084
160,8.0,4,-2.5189723207978814,0.0,2.5189723207978814,-0.03343091240188521,0.0,0.03343091240188521,-24.150737504916492,-548.9713722946968,24.150737504916492,0.0880229791604279,11.497015173796171,0.0,nan,nan,nan,nan,nan,nan,0.8557552261821662,OK,1.0,0.6828770640380214,0.662146381353328,0.7152042423659936,nan,nan,1.3407484936825422
180,9.0,1,-3.0495774730134815,0.0,3.0495774730134815,0.04767301118938781,0.0,-0.04767301118938781,-41.937592353777205,-787.1836718842254,41.937592353777205,0.6280292613155041,0.5211565034974228,0.0,nan,nan,nan,nan,nan,nan,0.6279706703072929,OK,0.819304152637486,1.1177053673555895,0.3164884426146475,0.19393844833783083,nan,nan,2.9538055986475342
180,9.0,2,-2.5949750153881292,0.0,2.5949750153881292,0.01371493775293159,0.0,-0.01371493775293159,-30.410119779626598,-670.9814126123496,30.410119779626598,0.022992765435560614,-1.0009870493680637,0.0,nan,nan,nan,nan,nan,nan,0.7707289527572843,OK,0.9820193637621023,1.0530330266078174,0.5088925666270445,0.5088925666270445,nan,nan,2.7020734089594587
180,9.0,3,-1.860006476676235,0.0,1.860006476676235,0.007318500485483185,0.0,-0.007318500485483185,-19.841121569728443,-610.9726848749003,19.841121569728443,0.0921684278758903,-0.003291201673391697,0.0,nan,nan,nan,nan,nan,nan,0.7763390960187553,OK,0.9568965517241379,0.6972381721396365,0.4842904703027409,0.4842904703027409,nan,nan,2.900281628108205
180,9.0,4,-2.465383182804035,0.0,2.465383182804035,-0.019520765729042034,0.0,0.019520765729042034,-24.17356050891385,-561.4494716133734,24.17356050891385,0.1740647050901316,-1.0077576815345992,0.0,nan,nan,nan,nan,nan,nan,0.8478741904213389,OK,0.9920255183413078,0.7345489410426863,0.677545577168088,0.690400598192134,nan,nan,1.4819330910818331
200,10.0,1,-3.054996106575264,0.0,3.054996106575264,0.0462099422188615,0.0,-0.0462099422188615,-42.01200832777181,-787.1791371467891,42.01200832777181,0.6057607051816376,0.5223106421751709,0.0,nan,nan,nan,nan,nan,nan,0.626412051140957,OK,0.8148148148148148,1.107022587037357,0.3157347823025569,0.1914413656373961,nan,nan,2.946502036916618
200,10.0,2,-2.5974743319120517,0.0,2.5974743319120517,0.011515705829305877,0.0,-0.011515705829305877,-30.350897020429898,-669.0294469216255,30.350897020429898,0.12338757358963903,1.4490641749966926,0.0,nan,nan,nan,nan,nan,nan,0.7627689369104991,OK,0.9723374827109267,1.1194996031060498,0.5079860063072653,0.5079860063072653,nan,nan,2.7092055136892492
200,10.0,3,-1.862495367192327,0.0,1.862495367192327,0.007682254764280005,0.0,-0.007682254764280005,-19.86766059077945,-610.9717852991901,19.86766059077945,0.09354773407346784,-0.0032985301236294617,0.0,nan,nan,nan,nan,nan,nan,0.7747505710856449,OK,0.9568965517241379,0.7228420561717676,0.4846447828962167,0.4846447828962167,nan,nan,2.89735625113922
200,10.0,4,-2.457816019000681,0.0,2.457816019000681,-0.007737496646669083,0.0,0.007737496646669083,-24.077992841073183,-560.9537289751911,24.077992841073183,0.24826456095274807,-0.5110820414518003,0.0,nan,nan,nan,nan,nan,nan,0.8503341665819291,OK,0.9904306220095693,0.7128642505362104,0.6796403309819368,0.6990630209953628,nan,nan,1.432057528082949
220,11.0,1,-3.05301514468647,0.0,3.05301514468647,0.04565908912424335,0.0,-0.04565908912424335,-42.03798755221163,-788.1779599805525,42.03798755221163,0.6358293384647027,0.5207186945226567,0.0,nan,nan,nan,nan,nan,nan,0.6267862960676504,OK,0.8150224215246636,1.0975744139702814,0.31646668895320157,0.1889185713689371,nan,nan,2.92928126710166
220,11.0,2,-2.5928559536353393,0.0,2.5928559536353393,0.010323127629317896,0.0,-0.010323127629317896,-30.31751627058884,-669.4856213421277,30.31751627058884,0.10159680230344748,0.4954777560610637,0.0,nan,nan,nan,nan,nan,nan,0.7727685821452797,OK,0.9833795013850416,1.0676772905970946,0.5168317411300468,0.5168317411300468,nan,nan,2.6401516392179913
220,11.0,3,-1.857098860999848,0.0,1.857098860999848,0.00875215506119886,0.0,-0.00875215506119886,-19.842507379948188,-611.9726826713388,19.842507379948188,0.09500058590685967,-1.0034268679539764,0.0,nan,nan,nan,nan,nan,nan,0.7788104457511161,OK,0.9569583931133429,0.7372276750641273,0.5010525318139236,0.5010525318139236,nan,nan,2.7641773178962126
220,11.0,4,-2.4511349869101315,0.0,2.4511349869101315,0.0048712376799637785,0.0,-0.0048712376799637785,-24.524411179012304,-572.913342056285,24.524411179012304,0.226823813576857,-4.488875447792452,0.0,nan,nan,nan,nan,nan,nan,0.820768233023874,OK,1.0,0.6344614725762627,0.5628157340715773,0.5628157340715773,nan,nan,2.2992119894406438
240,12.0,1,-2.9936285292052953,0.0,2.9936285292052953,0.050593281582508635,0.0,-0.050593281582508635,-41.24740697056694,-788.7255801811252,41.24740697056694,0.9031980933930868,0.007120764827732273,0.0,nan,nan,nan,nan,nan,nan,0.6325173601063087,OK,0.827354260089686,1.168346574435212,0.32539126276259417,0.2146627159309361,nan,nan,2.899386018155396
240,12.0,2,-2.610577602215587,0.0,2.610577602215587,0.006825518600485216,0.0,-0.006825518600485216,-30.54940616678607,-670.0205447043913,30.54940616678607,-0.04502109755821948,-0.0436601647477346,0.0,nan,nan,nan,nan,nan,nan,0.7573584089891217,OK,0.9669876203576341,1.127195320171286,0.49837707393234304,0.49837707393234304,nan,nan,2.785593247600302
240,12.0,3,-1.8488483194846028,0.0,1.8488483194846028,0.010385062544280062,0.0,-0.010385062544280062,-19.754387361507156,-611.9756486059638,19.754387361507156,0.13047804237316996,-1.0046960501356352,0.0,nan,nan,nan,nan,nan,nan,0.7916232629023857,OK,0.9597701149425287,0.741715346627993,0.540684813085002,0.540684813085002,nan,nan,2.459675081982284
240,12.0,4,-2.456780798287723,0.0,2.456780798287723,0.010779229734311778,0.0,-0.010779229734311778,-24.046445163793805,-560.455102048039,24.046445163793805,0.2783178765696448,-0.012389220319619199,0.0,nan,nan,nan,nan,nan,nan,0.8074398396059649,OK,0.9856687898089171,0.7342071148516502,0.5587485069159447,0.5587485069159447,nan,nan,2.3282232209766303
260,13.0,1,-3.0419825430119136,0.0,3.0419825430119136,0.05092288774372885,0.0,-0.05092288774372885,-43.318496250274166,-815.1376476965768,43.318496250274166,0.6094886102796977,-1.9778100654596074,0.0,nan,nan,nan,nan,nan,nan,0.6434508251876694,OK,0.8267716535433071,1.0808605995286678,0.439756311563859,0.13933400582263888,nan,nan,3.2861381713970186
260,13.0,2,-2.593867993377381,0.0,2.593867993377381,0.005852946643165759,0.0,-0.005852946643165759,-30.3067365636432,-668.9861040697674,30.3067365636432,0.14753759965992685,2.493383492107796,0.0,nan,nan,nan,nan,nan,nan,0.7597887963085587,OK,0.9833333333333333,1.1009810126323478,0.48077785180225624,0.48077785180225624,nan,nan,2.9293998485012223
260,13.0,3,-1.8376451000675742,0.0,1.8376451000675742,0.009482697082962562,0.0,-0.009482697082962562,-20.438060683942467,-637.0180292382871,20.438060683942467,-0.10725727171654853,-5.4972299644178975,0.0,nan,nan,nan,nan,nan,nan,0.7926810942892463,OK,0.9783549783549783,0.6996784957587473,0.5117935293740165,0.5117935293740165,nan,nan,2.6793359928654783
260,13.0,4,-2.4365902292983637,0.0,2.4365902292983637,0.018737789764322194,0.0,-0.018737789764322194,-23.5498237553536,-553.4340516251516,23.5498237553536,0.6725886616752632,6.013050595243158,0.0,nan,nan,nan,nan,nan,nan,0.8042406230589956,OK,0.9696485623003195,0.6852546597129535,0.5575675445274253,0.5575675445274253,nan,nan,2.336686507534665
280,14.0,1,-3.0322452409038876,0.0,3.0322452409038876,0.05204788454405798,0.0,-0.05204788454405798,-41.85523057017767,-790.1368638532732,41.85523057017767,0.684933139964329,-1.4817479725413705,0.0,nan,nan,nan,nan,nan,nan,0.6480633109628505,OK,0.8327721661054994,1.1070639799920692,0.4429899601190553,0.16184661676610756,nan,nan,3.256832690327828
280,14.0,2,-2.588940537716948,0.0,2.588940537716948,0.006447002210388193,0.0,-0.006447002210388193,-30.407138710050845,-672.4815906882775,30.407138710050845,0.051204226153458876,-1.0021932611575721,0.0,nan,nan,nan,nan,nan,nan,0.7669005281753781,OK,0.9930939226519337,1.0764092511886083,0.48711237899815807,0.48711237899815807,nan,nan,2.877041699294345
280,14.0,3,-1.834994048092385,0.0,1.834994048092385,0.009747113503735496,0.0,-0.009747113503735496,-20.440590039338986,-638.0179221762781,20.440590039338986,-0.09932032621532016,-6.49753344999931,0.0,nan,nan,nan,nan,nan,nan,0.7884865229339201,OK,0.9812680115273775,0.6672791654432562,0.48723300112463624,0.48723300112463624,nan,nan,2.8760513143277393
280,14.0,4,-2.4302412392000883,0.0,2.4302412392000883,0.024917618960331088,0.0,-0.024917618960331088,-23.338429284605127,-549.9007543341854,23.338429284605127,0.6595141301609146,5.513432822866662,0.0,nan,nan,nan,nan,nan,nan,0.7971445633866967,OK,0.9678972712680578,0.7231456222795477,0.5446734232330139,0.5446734232330139,nan,nan,2.430275549402662
300,15.0,1,-3.041812992942641,0.0,3.041812992942641,0.05251117793261064,0.0,-0.05251117793261064,-41.88113265216336,-788.1343394584221,41.88113265216336,0.7719447272535547,0.5135581032216123,0.0,nan,nan,nan,nan,nan,nan,0.6257242436725473,OK,0.8217488789237668,1.0859715334028457,0.3196445797681344,0.15733301866561616,nan,nan,3.2523285526965036
300,15.0,2,-2.550655904576968,0.0,2.550655904576968,0.014829929424840354,0.0,-0.014829929424840354,-30.024477787858473,-673.9989095934914,30.024477787858473,0.33436318276471866,-3.01434786955258,0.0,nan,nan,nan,nan,nan,nan,0.7735694755472772,OK,0.9944903581267218,1.0260498117226287,0.49723516028662,0.49723516028662,nan,nan,2.7947688210390345
300,15.0,3,-1.8274943550437366,0.0,1.8274943550437366,0.012200856196613114,0.0,-0.012200856196613114,-20.245514842387138,-634.5240730668941,20.245514842387138,0.11134231499522684,-3.004393138111027,0.0,nan,nan,nan,nan,nan,nan,0.7787884835839188,OK,0.976878612716763,0.6371958493402043,0.45414155162837994,0.45414155162837994,nan,nan,3.157385367235091
300,15.0,4,-2.5357125746223543,0.0,2.5357125746223543,0.011741006215321217,0.0,-0.011741006215321217,-25.16810393906792,-568.3154136406486,25.16810393906792,-0.4222057852872467,-3.435769938351541,0.0,nan,nan,nan,nan,nan,nan,0.8010231098315947,OK,1.0,0.7536375190169595,0.5098290071641176,0.5379990522011557,nan,nan,2.479593922119174
320,16.0,1,-3.035290681260597,0.0,3.035290681260597,0.053015826390883605,0.0,-0.053015826390883605,-41.79425954519661,-788.1927568983798,41.79425954519661,0.7805966307974472,0.5131570963530976,0.0,nan,nan,nan,nan,nan,nan,0.6308475489242613,OK,0.8228699551569507,1.0858384470042677,0.31994943550296395,0.18790106235999451,nan,nan,3.235496574505749
320,16.0,2,-2.5607093165991412,0.0,2.5607093165991412,0.019241948230824774,0.0,-0.019241948230824774,-30.11842720588845,-673.4499810389281,30.11842720588845,0.292873990767589,-1.9679401434965484,0.0,nan,nan,nan,nan,nan,nan,0.7846586441309985,OK,0.988950276243094,1.0000806973651695,0.5354124088803623,0.5354124088803623,nan,nan,2.4988718852961638
320,16.0,3,-1.8270817217671633,0.0,1.8270817217671633,0.013243700274348486,0.0,-0.013243700274348486,-20.225011457558594,-634.0247216734846,20.225011457558594,0.09339318016179732,-2.503826654029922,0.0,nan,nan,nan,nan,nan,nan,0.7756344052059827,OK,0.9754335260115607,0.6593759541506358,0.45047759759709216,0.45047759759709216,nan,nan,3.189787724138424
320,16.0,4,-2.360780415293044,0.0,2.360780415293044,0.03489299448131156,0.0,-0.03489299448131156,-23.65961933097526,-573.8903526071656,23.65961933097526,0.8344660488174895,-4.495684740765455,0.0,nan,nan,nan,nan,nan,nan,0.8084353194338172,OK,1.0,0.6085290210469491,0.5164384654973873,0.5164384654973873,nan,nan,2.6431965399545287
340,17.0,1,-3.3357389169601452,0.0,3.3357389169601452,0.038568706307774814,0.0,-0.038568706307774814,-47.925053697447595,-822.2466568427642,47.925053697447595,-0.5269572913381921,-8.355053120270895,0.0,nan,nan,nan,nan,nan,nan,0.6815485978494753,OK,0.970125786163522,0.9524171335428822,0.36867925210896924,0.05095017887830895,nan,nan,3.991312993691524
340,17.0,2,-2.545000311017679,0.0,2.545000311017679,0.02150574497054583,0.0,-0.02150574497054583,-28.98005120168864,-652.0008866816111,28.98005120168864,0.2865992006509259,-1.0121290222275547,0.0,nan,nan,nan,nan,nan,nan,0.7683908471168265,OK,0.9696551724137931,1.1433950626054437,0.5345339882724446,0.5345339882724446,nan,nan,2.505439846514534
340,17.0,3,-1.8330539486797215,0.0,1.8330539486797215,0.016342607886920886,0.0,-0.016342607886920886,-19.71357700996873,-615.9771628622184,19.71357700996873,0.11185784026940837,-5.004327682400003,0.0,nan,nan,nan,nan,nan,nan,0.774630545748934,OK,0.9712643678160919,0.6470830459953504,0.44966573170089474,0.44966573170089474,nan,nan,3.197003162746188
340,17.0,4,-2.515531712742213,0.0,2.515531712742213,0.022030210950737344,0.0,-0.022030210950737344,-24.55721574189306,-558.9755200957887,24.55721574189306,-0.14182140044363223,0.46311168979286776,0.0,nan,nan,nan,nan,nan,nan,0.810189881526763,OK,0.987220447284345,0.6498533177739125,0.5473835703368227,0.5473835703368227,nan,nan,2.4104219873008605
360,18.0,1,-3.0121036777144807,0.0,3.0121036777144807,0.04628337201773049,0.0,-0.04628337201773049,-41.55411422598064,-789.7077446706986,41.55411422598064,0.9586819864825316,0.003995172487520904,0.0,nan,nan,nan,nan,nan,nan,0.6322471229461416,OK,0.8275475923852184,1.127732700017389,0.3255336284333809,0.19638242801369066,nan,nan,3.6235323639567873
360,18.0,2,-2.5399824935606077,0.0,2.5399824935606077,0.023184186885137868,0.0,-0.023184186885137868,-28.967223335778613,-653.001453976782,28.967223335778613,0.240866697210663,-2.0100194826264897,0.0,nan,nan,nan,nan,nan,nan,0.7690871167674841,OK,0.9738292011019284,1.1420768765345752,0.5313503668578224,0.5313503668578224,nan,nan,2.5293346029509305
360,18.0,3,-1.84748708881236,0.0,1.84748708881236,0.01703064623174256,0.0,-0.01703064623174256,-19.965405345188856,-618.9688599697243,19.965405345188856,-0.05575175854983172,-7.998708649307332,0.0,nan,nan,nan,nan,nan,nan,0.7753835961169424,OK,0.9798850574712644,0.6488743615640106,0.44176538352385925,0.44176538352385925,nan,nan,3.2679053773567643
360,18.0,4,-2.5262495426060565,0.0,2.5262495426060565,0.003858143076683883,0.0,-0.003858143076683883,-24.242476260317517,-549.4672419723331,24.242476260317517,-0.05488213001649456,9.981405233991381,0.0,nan,nan,nan,nan,nan,nan,0.8286284534289101,OK,1.0,0.49058934544381994,0.5561357787898903,0.5561357787898903,nan,nan,2.346971232353842
380,19.0,1,-2.976241953737956,0.0,2.976241953737956,0.0617379121389043,0.0,-0.0617379121389043,-41.99063371677303,-807.6365430187793,41.99063371677303,1.546904220370692,1.0258390978621037,0.0,nan,nan,nan,nan,nan,nan,0.6369549897767012,OK,0.8195991091314031,1.0591039403323914,0.3836172524632527,0.16196816822850119,nan,nan,3.8324398473815267
380,19.0,2,-2.5372073547292326,0.0,2.5372073547292326,0.024464258473893802,0.0,-0.024464258473893802,-28.849105030669193,-651.0509979862595,28.849105030669193,0.2847046572903764,-1.056231113004742,0.0,nan,nan,nan,nan,nan,nan,0.7507658371602076,OK,0.9709944751381215,1.1999396916114864,0.485830505319087,0.485830505319087,nan,nan,2.887581881592433
380,19.0,3,-1.8737917161915143,0.0,1.8737917161915143,0.013024005695827434,0.0,-0.013024005695827434,-20.11883457435249,-614.9633967682698,20.11883457435249,-0.12023164847664702,-3.9961345912329307,0.0,nan,nan,nan,nan,nan,nan,0.7750561775172728,OK,0.9740634005763689,0.6480070594116516,0.4477726423177286,0.4477726423177286,nan,nan,3.2138786808509407
380,19.0,4,-2.509161602827462,0.0,2.509161602827462,-0.0004960940106856892,0.0,0.0004960940106856892,-24.49507159531595,-558.9783053938675,24.49507159531595,-0.11255938726208115,0.4617881959429724,0.0,nan,nan,nan,nan,nan,nan,0.8117595481711416,OK,0.9840510366826156,0.6448681437581838,0.5554079146047533,0.5554079146047533,nan,nan,2.3522098157293527
